标题,详细,地址,房型,价格,链接
宝山区-友家公寓（淞发路50号）,"交通购物超便利, 视野开阔, 拎包入住",距3号线淞发路290米,1室1厅1卫-18.0㎡ 1580房,1680,http://www.mgzf.com/room/519626.shtml?page=list&sourceType=2
松江区-凯富人才公寓,【公司直租 无中价费】整租 全新精装公寓 拎包入住 独立卫浴,位于 松江科技园 附近,1室0厅1卫-15.0㎡ 朝东大床房A,1300,http://www.mgzf.com/room/11022449.shtml?page=list&sourceType=2
浦东新区-浦发绿城901弄,"地处中心地段, 绿化覆盖率高, 采光充足",距11号线浦三路880米,2室2厅1卫-80.0㎡ ,6000,http://www.mgzf.com/room/15204301.shtml?page=list&sourceType=2
浦东新区-银马苑,"（网红租房）会员终身免佣交通便利, 中高楼层, 家具齐全",距8号线杨思306米,1室0厅1卫-36.0㎡ ,2350,http://www.mgzf.com/room/15292663.shtml?page=list&sourceType=2
浦东新区-极客公寓（川沙店）,精装公寓一室一卫，商超便利，新年特惠，月月租金减免200元,距2号线东延伸段川沙728米,1室0厅1卫-19.0㎡ 内窗一室,1388,http://www.mgzf.com/room/13934413.shtml?page=list&sourceType=2
浦东新区-上南二村,"地理位置优越, 地铁房, 精装修房",距7号线耀华路297米,1室2厅1卫-49.0㎡ ,3600,http://www.mgzf.com/room/15283927.shtml?page=list&sourceType=2
浦东新区-川杨新苑(二期),付一押一 可包水网费 独立厨卫 非合租 近张江高科软件园旁！,距13号线张江路333米,1室1厅1卫-32.0㎡ ,1600,http://www.mgzf.com/room/15449533.shtml?page=list&sourceType=2
杨浦区-湾流国际青年社区（隆昌路店）,"周边设施齐全, 中高楼层, 配备宽带",距12号线隆昌路538米,1室0厅1卫-30.0㎡ 原生裸心风C,5100,http://www.mgzf.com/room/8148297.shtml?page=list&sourceType=2
宝山区-友家联盟社区（水产路店）,"地铁沿线, 安静宜居, 配备宽带",距3号线水产路482米,1室0厅1卫-21.0㎡ 2180房型,2180,http://www.mgzf.com/room/10766969.shtml?page=list&sourceType=2
浦东新区-大华锦绣华城4街区,13号线地铁零距离，可直达南京西路，,距13号线华鹏路560米,四居室-南卧-24.0㎡,2900,http://www.mgzf.com/room/15229651.shtml?page=list&sourceType=2
浦东新区-金苹果花园,"交通便捷, 性价比高, 拎包入住",距6号线灵岩南路862米,2室2厅1卫-98.0㎡ ,6500,http://www.mgzf.com/room/15227323.shtml?page=list&sourceType=2
浦东新区-华夏小区,八号线杨思地铁口，黄金三楼，老装修一房，价格超级便宜，随时看,距8号线杨思259米,1室1厅1卫-35.0㎡ ,3000,http://www.mgzf.com/room/15216487.shtml?page=list&sourceType=2
浦东新区-东方康安家园,"周边设施齐全, 性价比高, 舍友素质高",距8号线芦恒路1173米,1室0厅0卫-13.0㎡ ,1100,http://www.mgzf.com/room/15203920.shtml?page=list&sourceType=2
杨浦区-湾流国际青年社区（隆昌路店）,"交通便捷, 可随时看房, 配备宽带",距12号线隆昌路538米,1室1厅1卫-30.0㎡ 原生裸心风中庭大,4400,http://www.mgzf.com/room/8146206.shtml?page=list&sourceType=2
杨浦区-彩虹小居2幢,"地理位置优越, 高档品质小区, 家具齐全",距10号线三门路655米,1室1厅1卫-30.0㎡ 南三上层,4480,http://www.mgzf.com/room/6246148.shtml?page=list&sourceType=2
宝山区-友家公寓（淞发路6号）,"社区配套成熟, 安静宜居, 精装修房",距3号线淞发路234米,1室0厅1卫-26.0㎡ 2280房,2380,http://www.mgzf.com/room/519923.shtml?page=list&sourceType=2
宝山区-上坤极客公寓1号楼,"地理位置优越, 可随时看房, 采光充足",距1号线宝安公路393米,1室1厅1卫-30.0㎡ 朝北大户型,2868,http://www.mgzf.com/room/7806846.shtml?page=list&sourceType=2
松江区-莱顿小城,"周边设施齐全, 黄金楼层, 电梯房",距9号线松江大学城1917米,四居室-南卧-25.0㎡,2100,http://www.mgzf.com/room/2841562.shtml?page=list&sourceType=2
宝山区-友家公寓（淞发路50号）,"交通购物超便利, 视野开阔, 拎包入住",距3号线淞发路290米,1室1厅1卫-18.0㎡ 1580房,1680,http://www.mgzf.com/room/519626.shtml?page=list&sourceType=2
浦东新区-浦发绿城850弄,"交通便利, 可随时看房, 拎包入住",距11号线浦三路507米,2室2厅1卫-80.0㎡ ,4800,http://www.mgzf.com/room/15208342.shtml?page=list&sourceType=2
浦东新区-东方康达家苑二期,（微租公寓）会员终身免佣   ,距8号线芦恒路715米,1室0厅1卫-20.0㎡ ,1850,http://www.mgzf.com/room/15208462.shtml?page=list&sourceType=2
嘉定区-爱德佳苑16号,"地处繁华商圈, 黄金楼层, 精装修房",位于 江桥 附近,1室0厅1卫-18.0㎡ 爱德佳苑精装独卫,1580,http://www.mgzf.com/room/6200038.shtml?page=list&sourceType=2
杨浦区-湾流国际青年社区（隆昌路店）,"周边设施齐全, 性价比高, 舍友素质高",距12号线隆昌路538米,1室0厅1卫-30.0㎡ 原生裸心风南A,4850,http://www.mgzf.com/room/8148273.shtml?page=list&sourceType=2
浦东新区-川杨新苑南区,专为学生毕业打造 独立厨卫 非合租 精装全配 近张江高科旁,距13号线张江路175米,三居室-南卧-25.0㎡,1250,http://www.mgzf.com/room/15405184.shtml?page=list&sourceType=2
浦东新区-申江豪城,"交通便利, 性价比高, 家具齐全",距8号线杨思702米,2室2厅1卫-98.0㎡ ,6500,http://www.mgzf.com/room/15194956.shtml?page=list&sourceType=2
浦东新区-银马苑,"（网红租房）会员终身免佣交通便利, 安静宜居, 配备宽带",距8号线杨思306米,2室1厅1卫-88.0㎡ ,4600,http://www.mgzf.com/room/15292744.shtml?page=list&sourceType=2
浦东新区-新世纪花苑一期,此房格局方正，朝向好，阳光非常充足，面积使用率超高,距7号线长清路113米,二居室-南卧-33.0㎡,2200,http://www.mgzf.com/room/15229180.shtml?page=list&sourceType=2
浦东新区-银马苑,"（网红租房）交通便利, 视野开阔, 独立卫浴",距8号线杨思306米,1室0厅1卫-36.0㎡ ,2300,http://www.mgzf.com/room/15292687.shtml?page=list&sourceType=2
杨浦区-湾流国际青年社区（隆昌路店）,"交通便捷, 可随时看房, 配备宽带",距12号线隆昌路538米,1室1厅1卫-30.0㎡ 原生裸心风中庭大,4400,http://www.mgzf.com/room/8146206.shtml?page=list&sourceType=2
浦东新区-申城佳苑A区,近百度 盛大 惠生 药谷 性价比超高 独立厨卫 非合租 精装,距13号线张江路860米,2室1厅1卫-70.0㎡ ,4300,http://www.mgzf.com/room/15468583.shtml?page=list&sourceType=2
杨浦区-湾流国际青年社区（隆昌路店）,"交通购物超便利, 可随时看房, 房间干净整洁",距12号线隆昌路538米,1室0厅1卫-30.0㎡ 原生裸心风A,4000,http://www.mgzf.com/room/8148291.shtml?page=list&sourceType=2
浦东新区-瑞康苑,网红租房，会员终身免佣金,距8号线芦恒路1223米,3室1厅1卫-99.0㎡ ,4300,http://www.mgzf.com/room/15273271.shtml?page=list&sourceType=2
浦东新区-银马苑,"（网红租房）会员终身免佣交通便利, 中高楼层, 家具齐全",距8号线杨思306米,1室0厅1卫-36.0㎡ ,2350,http://www.mgzf.com/room/15292663.shtml?page=list&sourceType=2
静安区-友家公寓中山北路店,"地理位置优越, 绿化覆盖率高, 舍友素质高",距1号线中山北路826米,1室0厅1卫-18.0㎡ 标间大房,2480,http://www.mgzf.com/room/5970739.shtml?page=list&sourceType=2
杨浦区-湾流国际青年社区（隆昌路店）,"地理位置优越, 视野开阔, 房间朝向好",距12号线隆昌路538米,1室0厅1卫-30.0㎡ 瑞典简约风D,4500,http://www.mgzf.com/room/8147667.shtml?page=list&sourceType=2
松江区-凯富人才公寓,"交通购物超便利, 黄金楼层, 独立卫浴",位于 松江科技园 附近,1室0厅1卫-13.8㎡ 经济型B,900,http://www.mgzf.com/room/11020682.shtml?page=list&sourceType=2
松江区-莱顿小城,"周边设施齐全, 黄金楼层, 电梯房",距9号线松江大学城1917米,四居室-南卧-25.0㎡,2100,http://www.mgzf.com/room/2841562.shtml?page=list&sourceType=2
闵行区-浦恒馨苑,八号线芦恒路！整租一室户！到地铁一公里！押一付一！,位于 浦江镇 附近,1室1厅1卫-52.0㎡ ,1480,http://www.mgzf.com/room/15144799.shtml?page=list&sourceType=2
浦东新区-友家社区联盟（大同路店）,"地处中心地段, 性价比高, 配备宽带",位于 高行 附近,1室0厅1卫-26.0㎡ 复式房型二,1200,http://www.mgzf.com/room/2587165.shtml?page=list&sourceType=2
闵行区-滨浦新苑二村,八号线芦恒路！整租大一房！到地铁一公里！押一付一！,距8号线沈杜公路797米,1室1厅1卫-65.0㎡ ,2500,http://www.mgzf.com/room/15144808.shtml?page=list&sourceType=2
松江区-荣乐五村,"社区配套成熟, 安静宜居, 房间朝向好",距9号线松江体育中心633米,三居室-北卧-20.0㎡,1300,http://www.mgzf.com/room/389772.shtml?page=list&sourceType=2
浦东新区-士韵家园（二期）,（ 微 租 公 寓 ）会 员 终 生 免 佣,距8号线芦恒路626米,3室1厅1卫-98.0㎡ ,4600,http://www.mgzf.com/room/15218869.shtml?page=list&sourceType=2
浦东新区-大华锦绣华城4街区,13号线地铁零距离，可直达南京西路，,距13号线华鹏路560米,四居室-南卧-24.0㎡,2900,http://www.mgzf.com/room/15229651.shtml?page=list&sourceType=2
浦东新区-浦电路331弄,(微租公寓)会员终生免佣,距6号线浦电路49米,1室0厅1卫-22.0㎡ ,2300,http://www.mgzf.com/room/15296869.shtml?page=list&sourceType=2
浦东新区-玉兰香苑三期,"地处繁华商圈, 物业管理严格, 采光充足",距13号线张江路997米,四居室-南卧-30.0㎡,2700,http://www.mgzf.com/room/15204979.shtml?page=list&sourceType=2
杨浦区-湾流国际青年社区（隆昌路店）,"地铁沿线, 中高楼层, 采光充足",距12号线隆昌路538米,1室0厅1卫-30.0㎡ 原生裸心风南E,4650,http://www.mgzf.com/room/8148285.shtml?page=list&sourceType=2
浦东新区-银马苑,"（网红租房）交通便利, 视野开阔, 独立卫浴",距8号线杨思306米,1室0厅1卫-36.0㎡ ,2300,http://www.mgzf.com/room/15292687.shtml?page=list&sourceType=2
静安区-友家公寓中山北路店,"地理位置优越, 绿化覆盖率高, 舍友素质高",距1号线中山北路826米,1室0厅1卫-18.0㎡ 标间大房,2480,http://www.mgzf.com/room/5970739.shtml?page=list&sourceType=2
宝山区-友家公寓（淞发路50号）,"交通购物超便利, 视野开阔, 拎包入住",距3号线淞发路290米,1室1厅1卫-18.0㎡ 1580房,1680,http://www.mgzf.com/room/519626.shtml?page=list&sourceType=2
嘉定区-爱德佳苑16号,"地处繁华商圈, 黄金楼层, 精装修房",位于 江桥 附近,1室0厅1卫-18.0㎡ 爱德佳苑精装独卫,1580,http://www.mgzf.com/room/6200038.shtml?page=list&sourceType=2
杨浦区-湾流国际青年社区（隆昌路店）,"地处中心地段, 安静宜居, 精装修房",距12号线隆昌路538米,1室0厅1卫-30.0㎡ 原生裸心风南B,4800,http://www.mgzf.com/room/8148276.shtml?page=list&sourceType=2
浦东新区-银马苑,"（网红租房）交通便利, 视野开阔, 配备宽带",距8号线杨思306米,2室1厅1卫-88.0㎡ ,4700,http://www.mgzf.com/room/15292732.shtml?page=list&sourceType=2
浦东新区-浦发绿城901弄,"地处中心地段, 绿化覆盖率高, 采光充足",距11号线浦三路880米,2室2厅1卫-80.0㎡ ,6000,http://www.mgzf.com/room/15204301.shtml?page=list&sourceType=2
宝山区-友家公寓（淞发路6号）,"社区配套成熟, 安静宜居, 精装修房",距3号线淞发路234米,1室0厅1卫-26.0㎡ 2280房,2380,http://www.mgzf.com/room/519923.shtml?page=list&sourceType=2
浦东新区-友家社区联盟（大同路店）,"交通购物超便利, 物业管理严格, 采光充足",位于 高行 附近,1室0厅1卫-30.0㎡ 阳光房三,1700,http://www.mgzf.com/room/2584903.shtml?page=list&sourceType=2
宝山区-友家公寓（淞发路50号）,"地处中心地段, 治安良好, 配备宽带",距3号线淞发路290米,1室1厅1卫-22.0㎡ 1880房,1880,http://www.mgzf.com/room/519637.shtml?page=list&sourceType=2
浦东新区-川杨新苑(二期),地铁13号线近在迟尺 非合租 精装全配 近百度 盛大 汇智！,距13号线张江路333米,2室1厅1卫-70.0㎡ ,4350,http://www.mgzf.com/room/15468571.shtml?page=list&sourceType=2
浦东新区-申城佳苑A区,近百度 盛大 惠生 药谷 性价比超高 独立厨卫 非合租 精装,距13号线张江路860米,2室1厅1卫-70.0㎡ ,4300,http://www.mgzf.com/room/15468583.shtml?page=list&sourceType=2
静安区-蚂蚁公舍（中山北路店）,"地理位置优越, 高档品质小区, 配备宽带",距1号线中山北路383米,1室1厅1卫-30.0㎡ 上层外窗,3980,http://www.mgzf.com/room/636425.shtml?page=list&sourceType=2
浦东新区-川杨新苑南区,专为学生毕业打造 独立厨卫 非合租 精装全配 近张江高科旁,距13号线张江路175米,三居室-南卧-25.0㎡,1250,http://www.mgzf.com/room/15405184.shtml?page=list&sourceType=2
浦东新区-金光一村,金光一村，坐拥地铁6号线，南北通透，真宗1房，急租,距6号线上南路441米,1室1厅1卫-42.0㎡ ,2900,http://www.mgzf.com/room/15185827.shtml?page=list&sourceType=2
浦东新区-友家社区联盟（大同路店）,"地处中心地段, 性价比高, 配备宽带",位于 高行 附近,1室0厅1卫-26.0㎡ 复式房型二,1200,http://www.mgzf.com/room/2587165.shtml?page=list&sourceType=2
浦东新区-世华锦城,"周边设施齐全, 绿化覆盖率高, 精装修房",距8号线杨思601米,1室1厅1卫-58.0㎡ ,4200,http://www.mgzf.com/room/15227347.shtml?page=list&sourceType=2
松江区-荣乐五村,"社区配套成熟, 安静宜居, 房间朝向好",距9号线松江体育中心633米,三居室-北卧-20.0㎡,1300,http://www.mgzf.com/room/389772.shtml?page=list&sourceType=2
静安区-蚂蚁公舍（中山北路店）,"交通购物超便利, 治安良好, 舍友素质高",距1号线中山北路383米,1室1厅1卫-25.0㎡ 下层外窗,3580,http://www.mgzf.com/room/636489.shtml?page=list&sourceType=2
浦东新区-大华锦绣华城4街区,13号线地铁零距离，可直达南京西路，,距13号线华鹏路560米,四居室-南卧-24.0㎡,2400,http://www.mgzf.com/room/15229657.shtml?page=list&sourceType=2
杨浦区-湾流国际青年社区（隆昌路店）,"社区配套成熟, 治安良好, 采光充足",距12号线隆昌路538米,1室0厅1卫-30.0㎡ 原生裸心风南D,4700,http://www.mgzf.com/room/8148282.shtml?page=list&sourceType=2
浦东新区-华夏小区,八号线杨思地铁口，黄金三楼，老装修一房，价格超级便宜，随时看,距8号线杨思259米,1室1厅1卫-35.0㎡ ,3000,http://www.mgzf.com/room/15216487.shtml?page=list&sourceType=2
宝山区-友家联盟社区（水产路店）,"地铁沿线, 安静宜居, 配备宽带",距3号线水产路482米,1室0厅1卫-21.0㎡ 2180房型,2180,http://www.mgzf.com/room/10766969.shtml?page=list&sourceType=2
杨浦区-彩虹小居2幢,"地理位置优越, 高档品质小区, 家具齐全",距10号线三门路655米,1室1厅1卫-30.0㎡ 南三上层,4480,http://www.mgzf.com/room/6246148.shtml?page=list&sourceType=2
浦东新区-鹤兴苑,距离川沙地铁5分钟步行 周边实施齐全 民用水电 燃气做饭,距2号线东延伸段川沙1011米,4室1厅2卫-130.0㎡ ,6000,http://www.mgzf.com/room/15295261.shtml?page=list&sourceType=2
浦东新区-东方康达家苑二期,（微租公寓）会员终身免佣   ,距8号线芦恒路715米,1室0厅1卫-20.0㎡ ,1850,http://www.mgzf.com/room/15208462.shtml?page=list&sourceType=2
嘉定区-爱德佳苑16号,"地处繁华商圈, 黄金楼层, 精装修房",位于 江桥 附近,1室0厅1卫-18.0㎡ 爱德佳苑精装独卫,1580,http://www.mgzf.com/room/6200038.shtml?page=list&sourceType=2
徐汇区-梵高馆,全屋地暖，4房2厅3卫。,距9号线嘉善路370米,4室2厅3卫-230.0㎡ ,45000,http://www.mgzf.com/room/15294508.shtml?page=list&sourceType=2
浦东新区-川杨新苑(二期),付一押一 可包水网费 独立厨卫 非合租 近张江高科软件园旁！,距13号线张江路333米,1室1厅1卫-32.0㎡ ,1600,http://www.mgzf.com/room/15449533.shtml?page=list&sourceType=2
浦东新区-川杨新苑三期,实习生的福利 经济又实惠 近张江高科旁 有多套急租 可拎包住,距13号线张江路483米,2室1厅1卫-70.0㎡ ,4380,http://www.mgzf.com/room/15468625.shtml?page=list&sourceType=2
浦东新区-思浦小区436弄,整租一居室，面积小旦五脏俱全，看房免费,距8号线杨思133米,1室1厅1卫-42.0㎡ ,4600,http://www.mgzf.com/room/15253843.shtml?page=list&sourceType=2
闵行区-浦江瑞和城捌街区,"房间照片实拍, 绿化覆盖率高, 家具齐全",距轨道交通浦江线汇臻路1003米,2室2厅1卫-82.0㎡ ,2200,http://www.mgzf.com/room/15192868.shtml?page=list&sourceType=2
浦东新区-玉兰香苑三期,"地处繁华商圈, 物业管理严格, 采光充足",距13号线张江路997米,四居室-南卧-30.0㎡,2700,http://www.mgzf.com/room/15204979.shtml?page=list&sourceType=2
浦东新区-银马苑,"（网红租房）交通便利, 视野开阔, 配备宽带",距8号线杨思306米,2室1厅1卫-88.0㎡ ,4700,http://www.mgzf.com/room/15292732.shtml?page=list&sourceType=2
松江区-东鼎名人府邸,"东鼎名人府邸，地理位置优越, 高档品质小区, 采光充足",位于 松江新城 附近,六居室-南卧-18.0㎡,1800,http://www.mgzf.com/room/2164036.shtml?page=list&sourceType=2
浦东新区-银马苑,"（网红租房）会员终身免佣交通便利, 安静宜居, 配备宽带",距8号线杨思306米,2室1厅1卫-88.0㎡ ,4600,http://www.mgzf.com/room/15292744.shtml?page=list&sourceType=2
浦东新区-世华锦城,"社区配套成熟, 黄金楼层, 配备宽带",距8号线杨思601米,1室0厅1卫-30.0㎡ ,2000,http://www.mgzf.com/room/15115309.shtml?page=list&sourceType=2
静安区-蚂蚁公舍（中山北路店）,"交通购物超便利, 治安良好, 舍友素质高",距1号线中山北路383米,1室1厅1卫-25.0㎡ 下层外窗,3580,http://www.mgzf.com/room/636489.shtml?page=list&sourceType=2
浦东新区-友家社区联盟（大同路店）,"地处中心地段, 性价比高, 配备宽带",位于 高行 附近,1室0厅1卫-26.0㎡ 复式房型二,1200,http://www.mgzf.com/room/2587165.shtml?page=list&sourceType=2
浦东新区-鹤兴苑,距离川沙地铁5分钟步行 周边实施齐全 民用水电 燃气做饭,距2号线东延伸段川沙1011米,4室1厅2卫-130.0㎡ ,6000,http://www.mgzf.com/room/15295261.shtml?page=list&sourceType=2
浦东新区-浦发绿城850弄,"交通便利, 可随时看房, 拎包入住",距11号线浦三路507米,2室2厅1卫-80.0㎡ ,4800,http://www.mgzf.com/room/15208342.shtml?page=list&sourceType=2
宝山区-友家公寓（淞发路50号）,"地处中心地段, 治安良好, 配备宽带",距3号线淞发路290米,1室1厅1卫-22.0㎡ 1880房,1880,http://www.mgzf.com/room/519637.shtml?page=list&sourceType=2
浦东新区-上南九村,成山路地铁1号口步行300多米整租两房朝正东朝正南带阳台,距8号线成山路180米,2室1厅1卫-50.0㎡ ,4500,http://www.mgzf.com/room/15287299.shtml?page=list&sourceType=2
浦东新区-上南二村,"地理位置优越, 地铁房, 精装修房",距7号线耀华路297米,1室2厅1卫-49.0㎡ ,3600,http://www.mgzf.com/room/15283927.shtml?page=list&sourceType=2
宝山区-友家公寓（淞发路50号）,"交通购物超便利, 视野开阔, 拎包入住",距3号线淞发路290米,1室1厅1卫-18.0㎡ 1580房,1680,http://www.mgzf.com/room/519626.shtml?page=list&sourceType=2
浦东新区-幸福里,免中介费，近，王港卡园，王港菜市场 恒生商业广场卡园金融中心,位于 唐镇 附近,三居室-南卧-25.0㎡,1500,http://www.mgzf.com/room/15449611.shtml?page=list&sourceType=2
杨浦区-湾流国际青年社区（隆昌路店）,"地处繁华商圈, 视野开阔, 家具齐全",距12号线隆昌路538米,1室0厅1卫-30.0㎡ 原生裸心风中庭C,4900,http://www.mgzf.com/room/8146116.shtml?page=list&sourceType=2
闵行区-华侨城八期,"周边设施齐全, 中高楼层, 房间朝向好",距8号线浦江镇937米,1室0厅1卫-40.0㎡ ,1000,http://www.mgzf.com/room/15218227.shtml?page=list&sourceType=2
松江区-凯富人才公寓,【公司直租 无中价费】整租 全新精装公寓 拎包入住 独立卫浴,位于 松江科技园 附近,1室0厅1卫-15.0㎡ 朝东大床房A,1300,http://www.mgzf.com/room/11022449.shtml?page=list&sourceType=2
杨浦区-湾流国际青年社区（隆昌路店）,"交通便捷, 可随时看房, 配备宽带",距12号线隆昌路538米,1室1厅1卫-30.0㎡ 原生裸心风中庭大,4400,http://www.mgzf.com/room/8146206.shtml?page=list&sourceType=2
浦东新区-川杨新苑(二期),付一押一 可包水网费 独立厨卫 非合租 近张江高科软件园旁！,距13号线张江路333米,1室1厅1卫-32.0㎡ ,1600,http://www.mgzf.com/room/15449533.shtml?page=list&sourceType=2
宝山区-友家联盟社区（水产路店）,"地铁沿线, 安静宜居, 配备宽带",距3号线水产路482米,1室0厅1卫-21.0㎡ 2180房型,2180,http://www.mgzf.com/room/10766969.shtml?page=list&sourceType=2
浦东新区-川杨新苑南区,朝南一居室 独立厨卫 非合租 精装全配 近张江高科及长泰广场,距13号线张江路175米,三居室-南卧-22.0㎡,1100,http://www.mgzf.com/room/15405187.shtml?page=list&sourceType=2
徐汇区-梵高馆,全屋地暖，4房2厅3卫。,距9号线嘉善路370米,4室2厅3卫-230.0㎡ ,45000,http://www.mgzf.com/room/15294508.shtml?page=list&sourceType=2
杨浦区-湾流国际青年社区（隆昌路店）,"交通便捷, 高档品质小区, 房间朝向好",距12号线隆昌路538米,1室1厅1卫-28.0㎡ 瑞典简约风中庭,4200,http://www.mgzf.com/room/8146158.shtml?page=list&sourceType=2
浦东新区-东方康达二期,"社区配套成熟, 黄金楼层, 配备宽带",位于 三林 附近,1室0厅1卫-30.0㎡ ,1610,http://www.mgzf.com/room/15204382.shtml?page=list&sourceType=2
黄浦区-兴安里,"地理位置优越, 安静宜居, 房间干净整洁",位于 新天地 附近,2室2厅1卫-98.0㎡ ,6100,http://www.mgzf.com/room/15223015.shtml?page=list&sourceType=2
静安区-友家公寓中山北路店,"社区配套成熟, 性价比高, 房间干净整洁",距1号线中山北路826米,1室0厅1卫-14.0㎡ 标间2,2100,http://www.mgzf.com/room/5970853.shtml?page=list&sourceType=2
浦东新区-玉兰香苑三期,"地处繁华商圈, 安静宜居, 舍友素质高",距13号线张江路997米,四居室-南卧-18.0㎡,2300,http://www.mgzf.com/room/15204982.shtml?page=list&sourceType=2
浦东新区-玉兰香苑三期,"交通便捷, 黄金楼层, 房间朝向好",距13号线张江路997米,四居室-南卧-23.0㎡,2600,http://www.mgzf.com/room/15204976.shtml?page=list&sourceType=2
浦东新区-德州一村,成山路3号口长清路7号口整租一房民用水电天然气二楼居住证可办,距8号线成山路242米,1室1厅1卫-40.0㎡ ,3600,http://www.mgzf.com/room/15287023.shtml?page=list&sourceType=2
闵行区-柚米国际社区七莘路,"短租一个月 交通便利, 绿化覆盖率高, 配备宽带",距12号线七莘路533米,1室1厅1卫-28.0㎡ 单间H,3200,http://www.mgzf.com/room/14015071.shtml?page=list&sourceType=2
黄浦区-怀德里,"社区配套成熟, 视野开阔, 电梯房",位于 人民广场 附近,1室0厅1卫-23.0㎡ ,2600,http://www.mgzf.com/room/15225628.shtml?page=list&sourceType=2
浦东新区-博学家园1899弄,"地理位置优越, 视野开阔, 独立卫浴",距6号线高青路440米,1室0厅1卫-26.0㎡ ,1860,http://www.mgzf.com/room/15220525.shtml?page=list&sourceType=2
嘉定区-爱德佳苑15号,"社区配套成熟, 性价比高, 电梯房",位于 江桥 附近,1室0厅1卫-17.0㎡ 爱德佳苑精装独卫,1700,http://www.mgzf.com/room/6289411.shtml?page=list&sourceType=2
浦东新区-东方康达家苑(二期),"交通购物超便利, 绿化覆盖率高, 舍友素质高",距8号线芦恒路828米,1室0厅1卫-30.0㎡ ,1600,http://www.mgzf.com/room/15252463.shtml?page=list&sourceType=2
杨浦区-湾流国际青年社区（隆昌路店）,"房间照片实拍, 绿化覆盖率高, 舍友素质高",距12号线隆昌路538米,1室1厅1卫-32.0㎡ 原生裸心风南,4300,http://www.mgzf.com/room/8148288.shtml?page=list&sourceType=2
松江区-东明花苑,"周边设施齐全, 性价比高, 配备宽带",距9号线松江新城414米,五居室-南卧-17.0㎡,2050,http://www.mgzf.com/room/503130.shtml?page=list&sourceType=2
闵行区-浦恒馨苑2161弄,网红租房，会员终身免佣金。,距8号线芦恒路1352米,1室0厅1卫-18.0㎡ ,1900,http://www.mgzf.com/room/15149149.shtml?page=list&sourceType=2
浦东新区-川杨新苑(六期),近汇智 长泰广场 近张江高科软件园旁及张江药谷 独立厨卫,距13号线张江路37米,三居室-南卧-25.0㎡,1600,http://www.mgzf.com/room/15449566.shtml?page=list&sourceType=2
浦东新区-休思公寓.,8号线杨思站 精装1室户 带独卫可做饭 地铁站步行5分钟 ,距8号线杨思177米,1室0厅1卫-35.0㎡ 户型B,3300,http://www.mgzf.com/room/15137296.shtml?page=list&sourceType=2
浦东新区-幸福里,免中介费，近，王港卡园，王港菜市场 恒生商业广场卡园金融中心,位于 唐镇 附近,三居室-南卧-22.0㎡,1350,http://www.mgzf.com/room/15449614.shtml?page=list&sourceType=2
浦东新区-东方康达家苑二期,"地处繁华商圈, 绿化覆盖率高, 房间朝向好",距8号线芦恒路715米,1室1厅1卫-50.0㎡ ,2500,http://www.mgzf.com/room/15181708.shtml?page=list&sourceType=2
静安区-简约小家,"交通便利, 中高楼层, 配备宽带",距3号线东宝兴路488米,1室1厅1卫-30.0㎡ 简约小家公寓,3780,http://www.mgzf.com/room/632706.shtml?page=list&sourceType=2
静安区-蚂蚁公舍（中山北路店）,"地处中心地段, 高档品质小区, 拎包入住",距1号线中山北路383米,1室1厅1卫-20.0㎡ 平层带内窗,3000,http://www.mgzf.com/room/636377.shtml?page=list&sourceType=2
静安区-简约小家,"地处繁华商圈, 高档品质小区, 舍友素质高",距3号线东宝兴路488米,1室1厅1卫-30.0㎡ 家庭房,2580,http://www.mgzf.com/room/632668.shtml?page=list&sourceType=2
浦东新区-张江人才公寓,"交通便利, 可随时看房, 房间干净整洁",位于 张江 附近,3室1厅1卫-100.0㎡ ,4300,http://www.mgzf.com/room/15231274.shtml?page=list&sourceType=2
浦东新区-金唐公寓,"交通购物超便利, 高档品质小区, 房间干净整洁",位于 唐镇 附近,3室1厅1卫-85.0㎡ ,5600,http://www.mgzf.com/room/15126784.shtml?page=list&sourceType=2
松江区-桃园小区,"地处中心地段, 绿化覆盖率高, 独立卫浴",距9号线九亭1377米,四居室-南卧-18.0㎡,1750,http://www.mgzf.com/room/500601.shtml?page=list&sourceType=2
浦东新区-杨思路427号小区,八号线杨思地铁2号口100米,距8号线杨思150米,1室1厅1卫-35.0㎡ ,3600,http://www.mgzf.com/room/15232573.shtml?page=list&sourceType=2
浦东新区-保利林语溪,（ 微 租 公 寓 ）会 员 终 生 免 佣,位于 三林南 附近,2室2厅2卫-114.0㎡ ,6000,http://www.mgzf.com/room/15232393.shtml?page=list&sourceType=2
浦东新区-休思公寓.,步行地铁站仅5分钟 8号线沿线直达人广 精装1室户 独立厨卫,距8号线杨思177米,1室0厅1卫-32.0㎡ 户型A,3200,http://www.mgzf.com/room/15137191.shtml?page=list&sourceType=2
浦东新区-展峰大楼,"地理位置优越, 视野开阔, 房间朝向好",距6号线东明路312米,二居室-南卧-30.0㎡,2200,http://www.mgzf.com/room/15229978.shtml?page=list&sourceType=2
松江区-锦桂苑,首月立减600➕交通便利+新城地铁旁边+周边配套齐全,距9号线松江新城604米,四居室-南卧-18.0㎡,1700,http://www.mgzf.com/room/2456938.shtml?page=list&sourceType=2
闵行区-自由公寓,"社区配套成熟, 可随时看房, 家具齐全",距1号线莘庄795米,1室1厅1卫-20.0㎡ 复式,2000,http://www.mgzf.com/room/11713625.shtml?page=list&sourceType=2
浦东新区-晶耀名邸,前滩CBD核心，坐拥三线，南北通透，中心位置，婚装全配，急租,距6号线东方体育中心443米,2室2厅1卫-98.0㎡ ,11000,http://www.mgzf.com/room/15214423.shtml?page=list&sourceType=2
浦东新区-唐丰苑,房东直租，无中介费，无服务费，原始户型，百套房可选，张江唐镇,位于 唐镇 附近,1室1厅1卫-78.0㎡ ,4900,http://www.mgzf.com/room/15141715.shtml?page=list&sourceType=2
松江区-华亭绿景苑,"地铁沿线, 可随时看房, 精装修房",距9号线松江新城763米,四居室-南卧-18.0㎡,1650,http://www.mgzf.com/room/884156.shtml?page=list&sourceType=2
浦东新区-东方康达家苑二期,"周边设施齐全, 治安良好, 拎包入住",距8号线芦恒路715米,1室0厅0卫-20.0㎡ ,2000,http://www.mgzf.com/room/15192763.shtml?page=list&sourceType=2
徐汇区-怡桂苑,"地理位置优越, 高档品质小区, 精装修房",距9号线桂林路271米,1室1厅1卫-45.0㎡ ,5350,http://www.mgzf.com/room/7966680.shtml?page=list&sourceType=2
浦东新区-都林嘉苑南苑,"周边设施齐全, 视野开阔, 舍友素质高",距6号线华夏西路525米,1室0厅1卫-25.0㎡ ,1550,http://www.mgzf.com/room/15225286.shtml?page=list&sourceType=2
浦东新区-东方康达二期,"地铁沿线, 视野开阔, 精装修房",位于 三林 附近,1室0厅1卫-30.0㎡ ,1600,http://www.mgzf.com/room/15204526.shtml?page=list&sourceType=2
浦东新区-世华锦城860弄,整套出租，超大三房，空间宽敞，价格实惠，先到先得。,距8号线杨思626米,3室2厅2卫-125.0㎡ ,5200,http://www.mgzf.com/room/15177796.shtml?page=list&sourceType=2
闵行区-永康城永锦苑,"地处繁华商圈, 性价比高, 家具齐全",位于 浦江镇 附近,2室2厅1卫-88.0㎡ ,2400,http://www.mgzf.com/room/15193159.shtml?page=list&sourceType=2
闵行区-万朗国际酒店,"地处繁华商圈, 安静宜居, 家具齐全",距12号线七莘路629米,1室0厅1卫-31.0㎡ 小清新舒适,4111,http://www.mgzf.com/room/14513851.shtml?page=list&sourceType=2
浦东新区-金谊河畔,"地铁沿线, 治安良好, 房间干净整洁",距11号线三林505米,1室1厅1卫-40.0㎡ ,3500,http://www.mgzf.com/room/15208390.shtml?page=list&sourceType=2
闵行区-柚米国际社区（浦江店）,（ 微 租 公 寓 ）会 员 终 生 免 佣,距8号线联航路447米,1室1厅0卫-45.0㎡ ,2200,http://www.mgzf.com/room/15232567.shtml?page=list&sourceType=2
浦东新区-东方康达家苑二期,（微租公寓）会员终身免佣   ,距8号线芦恒路715米,1室0厅1卫-19.0㎡ ,1780,http://www.mgzf.com/room/15208465.shtml?page=list&sourceType=2
闵行区-浦恒馨苑2161弄,网红租房，会员终身免佣金。,距8号线芦恒路1352米,1室1厅1卫-28.0㎡ ,1800,http://www.mgzf.com/room/15149485.shtml?page=list&sourceType=2
浦东新区-金光一村,6号线上南路 大一房出租中，，,距6号线上南路441米,1室1厅1卫-49.0㎡ ,1500,http://www.mgzf.com/room/15130471.shtml?page=list&sourceType=2
浦东新区-东方康达二期,"交通购物超便利, 绿化覆盖率高, 精装修房",位于 三林 附近,1室0厅1卫-25.0㎡ ,1530,http://www.mgzf.com/room/15204445.shtml?page=list&sourceType=2
浦东新区-盛世南苑,房屋出租，喜欢，加微信Msj4948,距8号线芦恒路408米,1室0厅1卫-25.0㎡ ,1620,http://www.mgzf.com/room/15171004.shtml?page=list&sourceType=2
闵行区-闵浦新苑五村,( 网 红 租 房 ) 会 员 终 生 免 拥,距轨道交通浦江线三鲁公路1072米,1室0厅1卫-55.0㎡ ,1500,http://www.mgzf.com/room/15183832.shtml?page=list&sourceType=2
浦东新区-金谊河畔,（微租公寓）会员终身免佣,距11号线三林505米,1室0厅1卫-25.0㎡ ,1680,http://www.mgzf.com/room/15324925.shtml?page=list&sourceType=2
浦东新区-东方康安家园,（ 微 租 公 寓 ）会 员 终 生 免 佣,距8号线芦恒路1173米,1室0厅0卫-16.0㎡ ,1800,http://www.mgzf.com/room/15213604.shtml?page=list&sourceType=2
普陀区-新泉大厦,"社区配套成熟, 中高楼层, 配备宽带",距7号线新村路820米,五居室-东卧-10.9㎡,2300,http://www.mgzf.com/room/456826.shtml?page=list&sourceType=2
浦东新区-三杨新村一街坊,"房间照片实拍, 可随时看房, 家具齐全",距8号线杨思772米,1室0厅1卫-20.0㎡ ,1800,http://www.mgzf.com/room/15034066.shtml?page=list&sourceType=2
浦东新区-东方康德家园105弄,"交通购物超便利, 中高楼层, 采光充足",距11号线三林835米,1室0厅1卫-20.0㎡ ,1514,http://www.mgzf.com/room/15142660.shtml?page=list&sourceType=2
黄浦区-威海苑,"地处中心地段, 安静宜居, 采光充足",位于 人民广场 附近,四居室-东卧-18.0㎡,4100,http://www.mgzf.com/room/9387323.shtml?page=list&sourceType=2
浦东新区-东方康达家苑二期,（微租公寓）会员终身免佣   ,距8号线芦恒路715米,1室0厅1卫-20.0㎡ ,1850,http://www.mgzf.com/room/15208471.shtml?page=list&sourceType=2
闵行区-红星美凯龙(联航路店),靠近八号线地铁线厨卫齐全 南北通透 全装全配 采光充足安静,距8号线联航路692米,1室0厅1卫-40.0㎡ ,1000,http://www.mgzf.com/room/15218218.shtml?page=list&sourceType=2
浦东新区-张江人才公寓,"交通便利, 可随时看房, 房间干净整洁",位于 张江 附近,4室1厅1卫-120.0㎡ ,5400,http://www.mgzf.com/room/15231271.shtml?page=list&sourceType=2
浦东新区-东方悦居苑,八号线杨思站精装修附近商场学校医院 ,距8号线成山路1011米,2室1厅1卫-78.0㎡ ,5500,http://www.mgzf.com/room/15203968.shtml?page=list&sourceType=2
浦东新区-博学家园,"交通便利, 性价比高, 家具齐全",距6号线高青路412米,1室0厅1卫-29.0㎡ ,1600,http://www.mgzf.com/room/15286057.shtml?page=list&sourceType=2
浦东新区-高申北苑,近 五角场 杨浦612号线地铁高申北苑三房整租精装全配随时住,距6号线五洲大道902米,3室1厅1卫-85.0㎡ ,5200,http://www.mgzf.com/room/15169798.shtml?page=list&sourceType=2
闵行区-一品漫城五期,<微租公寓>会员终生免佣金,距8号线芦恒路1269米,2室1厅2卫-80.0㎡ ,4680,http://www.mgzf.com/room/15145768.shtml?page=list&sourceType=2
闵行区-浦江颐城（浦江公寓）,（ 微 租 公 寓 ）会 员 终 生 免 佣,距8号线联航路620米,1室1厅1卫-52.0㎡ ,3700,http://www.mgzf.com/room/15291865.shtml?page=list&sourceType=2
浦东新区-东方康达家苑二期,"交通便捷, 高档品质小区, 房间朝向好",距8号线芦恒路715米,1室1厅1卫-31.0㎡ ,1625,http://www.mgzf.com/room/15178381.shtml?page=list&sourceType=2
闵行区-浦恒馨苑2161弄,"地处繁华商圈, 物业管理严格, 房间干净整洁",距8号线芦恒路1352米,1室0厅1卫-22.0㎡ ,1500,http://www.mgzf.com/room/15187540.shtml?page=list&sourceType=2
浦东新区-博学家园1899弄,"交通购物超便利, 高档品质小区, 独立卫浴",距6号线高青路440米,1室0厅1卫-29.0㎡ ,2000,http://www.mgzf.com/room/15220651.shtml?page=list&sourceType=2
浦东新区-博学家园1899弄,"房间照片实拍, 安静宜居, 独立卫浴",距6号线高青路440米,1室0厅1卫-28.0㎡ ,1880,http://www.mgzf.com/room/15220522.shtml?page=list&sourceType=2
浦东新区-世华锦城,"房间照片实拍, 视野开阔, 家具齐全",距8号线杨思601米,2室2厅1卫-95.0㎡ ,5800,http://www.mgzf.com/room/15201376.shtml?page=list&sourceType=2
松江区-凯富人才公寓,"房间照片实拍, 治安良好, 独立卫浴",位于 松江科技园 附近,1室0厅1卫-13.0㎡ 经济型A,1050,http://www.mgzf.com/room/11020574.shtml?page=list&sourceType=2
浦东新区-龙科公寓,7号线芳华路附近，出行10分钟,距7号线芳华路537米,二居室-南卧-24.0㎡,2000,http://www.mgzf.com/room/15311431.shtml?page=list&sourceType=2
浦东新区-金苹果花园,"地理位置优越, 高档品质小区, 舍友素质高",距6号线灵岩南路862米,1室0厅1卫-30.0㎡ ,1400,http://www.mgzf.com/room/15198520.shtml?page=list&sourceType=2
闵行区-舒适复试一居室,"周边设施齐全, 高档品质小区, 配备宽带",距12号线七莘路629米,1室1厅1卫-32.0㎡ 温馨复试一居室,2785,http://www.mgzf.com/room/14559745.shtml?page=list&sourceType=2
浦东新区-张江人才公寓,"交通便利, 可随时看房, 房间干净整洁",位于 张江 附近,3室1厅1卫-100.0㎡ ,4300,http://www.mgzf.com/room/15231277.shtml?page=list&sourceType=2
闵行区-浦江智汇园,联航路 863软件园 智谷旁边 一室户 精装全配 押一付一,距8号线联航路985米,1室1厅1卫-50.0㎡ ,1350,http://www.mgzf.com/room/15194314.shtml?page=list&sourceType=2
浦东新区-绿波城,绿波城 精装整租两房 家电齐全 居家温馨 可办居住证 落户,距2号线东延伸段创新中路880米,2室1厅1卫-75.0㎡ ,5600,http://www.mgzf.com/room/15265663.shtml?page=list&sourceType=2
闵行区-一品漫城二期,"社区配套成熟, 性价比高, 房间干净整洁",距8号线芦恒路70米,2室1厅1卫-93.0㎡ ,4500,http://www.mgzf.com/room/15149083.shtml?page=list&sourceType=2
浦东新区-岭南苑三期,"交通购物超便利, 物业管理严格, 房间干净整洁",距8号线凌兆新村211米,2室2厅1卫-88.0㎡ ,4500,http://www.mgzf.com/room/15146488.shtml?page=list&sourceType=2
浦东新区-川杨新苑(六期),地铁13号线近在迟尺 非合租 精装全配 近百度 盛大 汇智！,距13号线张江路37米,三居室-南卧-21.0㎡,1500,http://www.mgzf.com/room/15449560.shtml?page=list&sourceType=2
浦东新区-川杨新苑(六期),近百度 盛大 惠生 药谷 性价比超高 独立厨卫 非合租 精装,距13号线张江路37米,三居室-南卧-19.0㎡,1400,http://www.mgzf.com/room/15449563.shtml?page=list&sourceType=2
闵行区-华侨城三期,( 网 红 租 房 ) 会 员 终 生 免 拥,距8号线浦江镇742米,1室0厅1卫-50.0㎡ ,1400,http://www.mgzf.com/room/15184468.shtml?page=list&sourceType=2
浦东新区-纯翠苑,纯翠苑，坐拥地铁6号线，南北通透，精装全配，中心位置，急租,距6号线上南路490米,2室2厅1卫-89.0㎡ ,5300,http://www.mgzf.com/room/15215728.shtml?page=list&sourceType=2
浦东新区-东方康达家苑二期,"社区配套成熟, 绿化覆盖率高, 电梯房",距8号线芦恒路715米,1室1厅1卫-30.0㎡ ,1850,http://www.mgzf.com/room/15178120.shtml?page=list&sourceType=2
浦东新区-福竹小区,"地处繁华商圈, 中高楼层, 配备宽带",距2号线世纪大道292米,1室1厅1卫-79.0㎡ ,4800,http://www.mgzf.com/room/15225355.shtml?page=list&sourceType=2
浦东新区-东方康达家苑二期,（微租公寓）会员终身免佣   ,距8号线芦恒路715米,1室0厅1卫-20.0㎡ ,1750,http://www.mgzf.com/room/15208456.shtml?page=list&sourceType=2
闵行区-极客青年社区B栋,意式托斯卡纳风·轻奢公寓,距10号线紫藤路137米,1室0厅1卫-30.0㎡ 意式大床间,4080,http://www.mgzf.com/room/11586527.shtml?page=list&sourceType=2
闵行区-柚米寓华侨城店,"地理位置优越, 绿化覆盖率高, 舍友素质高",距8号线浦江镇1394米,1室1厅1卫-30.0㎡ 标准朝南一户式,2598,http://www.mgzf.com/room/15000595.shtml?page=list&sourceType=2
浦东新区-东旺名苑,东旺名苑，近地铁6.8号线，南北通透，精装4房，可整租，合租,距6号线上南路913米,四居室-北卧-8.0㎡,1000,http://www.mgzf.com/room/15295921.shtml?page=list&sourceType=2
浦东新区-瑞寓公寓E幢,"交通便捷, 黄金楼层, 电梯房",位于 川沙 附近,1室0厅1卫-25.0㎡ 普通一室户,1500,http://www.mgzf.com/room/1989223.shtml?page=list&sourceType=2
闵行区-世博家园七街坊,( 网 红 租 房 ) 会 员 终 生 免 拥,距8号线联航路617米,1室0厅1卫-46.0㎡ ,1500,http://www.mgzf.com/room/15141436.shtml?page=list&sourceType=2
浦东新区-海家白领公寓,"周边设施齐全, 治安良好, 舍友素质高",距2号线东延伸段川沙719米,1室1厅1卫-25.0㎡ 海家公寓B,1580,http://www.mgzf.com/room/383510.shtml?page=list&sourceType=2
徐汇区-华悦家园,"周边设施齐全, 绿化覆盖率高, 房间干净整洁",距12号线虹漕路358米,4室1厅1卫-128.0㎡ ,8500,http://www.mgzf.com/room/5175793.shtml?page=list&sourceType=2
浦东新区-思浦小区,（微租公寓）会员终生免佣,距8号线杨思193米,1室0厅1卫-25.0㎡ ,1580,http://www.mgzf.com/room/15306163.shtml?page=list&sourceType=2
闵行区-浦恒馨苑2161,"社区配套成熟, 安静宜居, 精装修房",距8号线芦恒路1521米,1室0厅1卫-32.0㎡ ,1500,http://www.mgzf.com/room/15130906.shtml?page=list&sourceType=2
浦东新区-海桐苑二期,市中心精装两室整租 民用水电燃气做饭 房东直租可随时看房入住,距2号线世纪公园612米,2室1厅1卫-99.0㎡ ,10000,http://www.mgzf.com/room/15255973.shtml?page=list&sourceType=2
浦东新区-三林新村（永泰路258弄）,"房间照片实拍, 物业管理严格, 采光充足",距11号线三林827米,1室0厅1卫-20.0㎡ ,1800,http://www.mgzf.com/room/15296527.shtml?page=list&sourceType=2
浦东新区-博安苑,"地理位置优越, 绿化覆盖率高, 配备宽带",距13号线北蔡444米,1室0厅1卫-30.0㎡ ,1800,http://www.mgzf.com/room/15203794.shtml?page=list&sourceType=2
浦东新区-虞泽苑,13号线地铁零距离，地铁出行5分钟，可直达南京西路,距13号线陈春路276米,三居室-南卧-24.0㎡,1800,http://www.mgzf.com/room/15229621.shtml?page=list&sourceType=2
浦东新区-盛世南苑,房屋出租，喜欢，加微信Msj4948,距8号线芦恒路408米,1室0厅1卫-23.0㎡ ,1620,http://www.mgzf.com/room/15171085.shtml?page=list&sourceType=2
松江区-嘉禾阳光城,"地处繁华商圈, 高档品质小区, 房间干净整洁",距9号线九亭462米,三居室-南卧-26.0㎡,1680,http://www.mgzf.com/room/9281285.shtml?page=list&sourceType=2
浦东新区-东方悦居1121,"交通便利, 可随时看房, 精装修房",距6号线东明路912米,1室0厅0卫-20.0㎡ ,2000,http://www.mgzf.com/room/15169819.shtml?page=list&sourceType=2
松江区-九久青年城,"地处繁华商圈, 安静宜居, 家具齐全",距9号线九亭84米,三居室-南卧-18.0㎡,2100,http://www.mgzf.com/room/498755.shtml?page=list&sourceType=2
闵行区-浦恒馨苑,八号线芦恒路！整租一室户！近地铁站！房东直租！押一付一,位于 浦江镇 附近,1室1厅1卫-52.0㎡ ,1600,http://www.mgzf.com/room/15144820.shtml?page=list&sourceType=2
浦东新区-意凯家苑,"地铁沿线, 绿化覆盖率高, 家具齐全",距11号线三林672米,二居室-南卧-33.0㎡,2200,http://www.mgzf.com/room/15229441.shtml?page=list&sourceType=2
松江区-茗雅苑,"地理位置优越, 高档品质小区, 拎包入住",位于 佘山 附近,三居室-南卧-22.0㎡,1250,http://www.mgzf.com/room/11030669.shtml?page=list&sourceType=2
浦东新区-北艾路1660弄,7号、13号线地铁穿过，可直达南京西路,距13号线华鹏路502米,四居室-南卧-24.0㎡,2750,http://www.mgzf.com/room/15229702.shtml?page=list&sourceType=2
浦东新区-银马苑,（网红租房）会员终身免佣,距8号线杨思306米,1室1厅1卫-66.0㎡ ,4100,http://www.mgzf.com/room/15292654.shtml?page=list&sourceType=2
闵行区-一品漫城一期,真正的拎包入住，洒脱无比,距8号线芦恒路15米,1室1厅1卫-53.0㎡ ,3500,http://www.mgzf.com/room/15290149.shtml?page=list&sourceType=2
浦东新区-金谊河畔,"交通购物超便利, 可随时看房, 房间干净整洁",距11号线三林505米,1室0厅1卫-26.0㎡ ,1680,http://www.mgzf.com/room/15290254.shtml?page=list&sourceType=2
闵行区-舒适复试一居室,"交通便捷, 黄金楼层, 舍友素质高",距12号线七莘路629米,1室1厅1卫-34.0㎡ 复试精装修拎包入,2822,http://www.mgzf.com/room/14559808.shtml?page=list&sourceType=2
浦东新区-上南一村,耀华路地铁2号口整租一房干净卫生明亮民用水电独门独户天然气,距7号线耀华路270米,1室1厅1卫-40.0㎡ ,4000,http://www.mgzf.com/room/15287140.shtml?page=list&sourceType=2
闵行区-浦江世博家园十街坊,"交通便利, 治安良好, 家具齐全",距8号线联航路382米,三居室-南卧-21.0㎡,1650,http://www.mgzf.com/room/15194365.shtml?page=list&sourceType=2
宝山区-上坤极客公寓2号楼,"交通便利, 中高楼层, 家具齐全",距1号线宝安公路393米,1室1厅1卫-15.0㎡ 朝北温馨单间,1628,http://www.mgzf.com/room/7803273.shtml?page=list&sourceType=2
浦东新区-三林新村133弄,"周边设施齐全, 物业管理严格, 电梯房",距11号线三林886米,1室1厅1卫-50.0㎡ ,3300,http://www.mgzf.com/room/15284596.shtml?page=list&sourceType=2
闵行区-浦恒馨苑2161弄,网红租房，会员终身免佣金。,距8号线芦恒路1352米,1室0厅1卫-20.0㎡ ,1650,http://www.mgzf.com/room/15149515.shtml?page=list&sourceType=2
浦东新区-德祥苑,精装一室户，带独立卫生间，随时看,距13号线陈春路290米,二居室-南卧-26.0㎡,1680,http://www.mgzf.com/room/15208375.shtml?page=list&sourceType=2
浦东新区-世华锦城,"地处繁华商圈, 绿化覆盖率高, 拎包入住",距8号线杨思601米,1室0厅1卫-30.0㎡ ,1400,http://www.mgzf.com/room/15296200.shtml?page=list&sourceType=2
浦东新区-银马苑,（网红租房）会员终身免佣,距8号线杨思306米,1室1厅1卫-55.0㎡ ,4200,http://www.mgzf.com/room/15292657.shtml?page=list&sourceType=2
浦东新区-唐丰苑,房东直租，无中介费，无服务费，原始户型，百套房可选，张江唐镇,位于 唐镇 附近,1室1厅1卫-58.0㎡ ,3900,http://www.mgzf.com/room/15141727.shtml?page=list&sourceType=2
浦东新区-张江东区人才公寓,人才公寓精装修整租原始三房，燃气做饭，随时住,位于 合庆 附近,3室1厅1卫-100.0㎡ ,4500,http://www.mgzf.com/room/15260542.shtml?page=list&sourceType=2
浦东新区-小布丁公寓,"地处中心地段, 黄金楼层, 精装修房",距11号线御桥1157米,1室1厅1卫-20.0㎡ 平层5,1500,http://www.mgzf.com/room/15326542.shtml?page=list&sourceType=2
闵行区-浦江颐城尚院,"交通便捷, 性价比高, 房间朝向好",距8号线浦江镇600米,1室1厅1卫-38.0㎡ ,1660,http://www.mgzf.com/room/15144619.shtml?page=list&sourceType=2
静安区-蚂蚁公舍（中山北路店）,"社区配套成熟, 性价比高, 独立卫浴",距1号线中山北路383米,1室1厅1卫-20.0㎡ 复式带内窗,2580,http://www.mgzf.com/room/636521.shtml?page=list&sourceType=2
浦东新区-三杨新村一街坊,"地处繁华商圈, 物业管理严格, 精装修房",距8号线杨思772米,1室0厅1卫-28.0㎡ ,2600,http://www.mgzf.com/room/15121471.shtml?page=list&sourceType=2
浦东新区-上南二村,"房间照片实拍, 绿化覆盖率高, 配备宽带",距7号线耀华路297米,1室1厅1卫-46.0㎡ ,4000,http://www.mgzf.com/room/15311122.shtml?page=list&sourceType=2
宝山区-青果寓（城银路店）,"交通购物超便利, 物业管理严格, 精装修房",位于 上大 附近,1室1厅1卫-17.2㎡ 1室1厅B2,1660,http://www.mgzf.com/room/6669348.shtml?page=list&sourceType=2
浦东新区-三林新村258弄,三林新村258弄原始2房精装修的家电全配随时好看你来就是你的,距11号线三林764米,2室1厅1卫-86.0㎡ ,5500,http://www.mgzf.com/room/15254002.shtml?page=list&sourceType=2
闵行区-万朗国际酒店,"交通便捷, 性价比高, 拎包入住",距12号线七莘路629米,1室1厅1卫-31.0㎡ 舒适小窝,2785,http://www.mgzf.com/room/14513716.shtml?page=list&sourceType=2
浦东新区-川杨新苑南区,地铁13号线近在迟尺 非合租 精装全配 近百度 盛大 汇智！,距13号线张江路175米,三居室-南卧-28.0㎡,1450,http://www.mgzf.com/room/15405190.shtml?page=list&sourceType=2
浦东新区-休思公寓,"交通便捷, 物业管理严格, 房间干净整洁",距8号线杨思275米,1室1厅1卫-30.0㎡ 明窗大房间,3000,http://www.mgzf.com/room/7507731.shtml?page=list&sourceType=2
浦东新区-思浦小区,"交通购物超便利, 中高楼层, 房间朝向好",距8号线杨思193米,2室1厅1卫-86.0㎡ ,3900,http://www.mgzf.com/room/15219910.shtml?page=list&sourceType=2
浦东新区-由由新邸,"地理位置优越, 中高楼层, 采光充足",距7号线杨高南路357米,1室0厅1卫-18.0㎡ ,1500,http://www.mgzf.com/room/15219886.shtml?page=list&sourceType=2
闵行区-世博家园十三街坊,"地理位置优越, 绿化覆盖率高, 房间朝向好",距8号线联航路254米,1室1厅1卫-40.0㎡ ,2000,http://www.mgzf.com/room/15218299.shtml?page=list&sourceType=2
松江区-凯富人才公寓,"房间照片实拍, 中高楼层, 拎包入住",位于 松江科技园 附近,1室0厅1卫-15.0㎡ 水景房A,1500,http://www.mgzf.com/room/11020976.shtml?page=list&sourceType=2
松江区-凯富人才公寓,"交通便捷, 物业管理严格, 配备宽带",位于 松江科技园 附近,1室0厅1卫-14.56㎡ 坤B,1400,http://www.mgzf.com/room/11022158.shtml?page=list&sourceType=2
浦东新区-浦发绿城1960弄小区,精装全配两房两厅，家电齐全，小区周围设施全面，11号地铁房,距11号线浦三路888米,2室2厅1卫-115.0㎡ ,4500,http://www.mgzf.com/room/15201292.shtml?page=list&sourceType=2
浦东新区-东园一村,陆家嘴品牌公寓 东园一村 精装全配 地铁2号线,距2号线东昌路294米,1室1厅1卫-40.0㎡ ,6288,http://www.mgzf.com/room/15212272.shtml?page=list&sourceType=2
浦东新区-展峰大楼,"交通便利, 可随时看房, 电梯房",距6号线东明路312米,二居室-南卧-35.0㎡,2200,http://www.mgzf.com/room/15228748.shtml?page=list&sourceType=2
黄浦区-兴安里,"地铁沿线, 高档品质小区, 舍友素质高",位于 新天地 附近,2室1厅1卫-89.0㎡ ,5900,http://www.mgzf.com/room/15225307.shtml?page=list&sourceType=2
闵行区-浦江世博家园十街坊,地铁零距离，八号线江月路联航路，朝南房间房东直租！,距8号线联航路382米,三居室-北卧-18.0㎡,1300,http://www.mgzf.com/room/15194371.shtml?page=list&sourceType=2
松江区-星辰园,"星辰园，朝南主卧窗外带阳台, 房间干净整洁，可做饭，免网费",距9号线松江大学城545米,三居室-东卧-20.0㎡,1800,http://www.mgzf.com/room/500947.shtml?page=list&sourceType=2
浦东新区-三杨新村二街坊,"交通便利, 可随时看房, 采光充足",距8号线杨思716米,1室0厅1卫-20.0㎡ ,1950,http://www.mgzf.com/room/15084883.shtml?page=list&sourceType=2
宝山区-赟寓公寓,"7号线地铁沿线,大华三路地铁口500米左右 拎包入住精装",距7号线大华三路420米,1室1厅1卫-28.0㎡ 房型a,3200,http://www.mgzf.com/room/15197179.shtml?page=list&sourceType=2
浦东新区-休思公寓.,8号线杨思站 地铁仅300米 白领高档公寓可做饭 直达人广,距8号线杨思177米,1室0厅1卫-30.0㎡ 户型C,3300,http://www.mgzf.com/room/15137374.shtml?page=list&sourceType=2
浦东新区-银马苑,"（网红租房）会员终身免佣地理位置优越, 视野开阔, 电梯房",距8号线杨思306米,1室1厅1卫-55.0㎡ ,4350,http://www.mgzf.com/room/15292717.shtml?page=list&sourceType=2
浦东新区-唐丰苑,唐丰苑 精装主卧带独卫 家具家电全配 拎包入住 看房随时,位于 唐镇 附近,四居室-南卧-20.0㎡,2100,http://www.mgzf.com/room/15140329.shtml?page=list&sourceType=2
闵行区-浦江世博家园十街坊,( 网 红 租 房 ) 会 员 终 生 免 拥,距8号线联航路382米,1室0厅1卫-58.0㎡ ,1500,http://www.mgzf.com/room/15198853.shtml?page=list&sourceType=2
闵行区-旭辉浦江国际,( 网 红 租 房 ) 会 员 终 生 免 拥,距8号线联航路581米,1室0厅1卫-55.0㎡ ,1500,http://www.mgzf.com/room/15197740.shtml?page=list&sourceType=2
浦东新区-德祥苑,"社区配套成熟, 中高楼层, 采光充足",距13号线陈春路290米,二居室-南卧-19.0㎡,2000,http://www.mgzf.com/room/15198199.shtml?page=list&sourceType=2
浦东新区-东方康德家园105弄,"社区配套成熟, 治安良好, 拎包入住",距11号线三林835米,3室1厅1卫-102.0㎡ ,5150,http://www.mgzf.com/room/15231886.shtml?page=list&sourceType=2
浦东新区-华夏小区,杨思站1号口整租一房独门独户有小厅民用水电步梯三楼华夏小区,距8号线杨思259米,1室1厅1卫-40.0㎡ ,3000,http://www.mgzf.com/room/15286969.shtml?page=list&sourceType=2
浦东新区-三林新村468弄,"交通便利, 绿化覆盖率高, 房间干净整洁",距11号线三林1132米,1室0厅1卫-30.0㎡ ,1600,http://www.mgzf.com/room/15286198.shtml?page=list&sourceType=2
浦东新区-三林新村468弄,"社区配套成熟, 视野开阔, 精装修房",距11号线三林1132米,2室1厅1卫-77.0㎡ ,6300,http://www.mgzf.com/room/15284494.shtml?page=list&sourceType=2
松江区-丽景苑,"房间照片实拍, 视野开阔, 配备宽带",距9号线九亭447米,五居室-南卧-30.0㎡,1750,http://www.mgzf.com/room/2332006.shtml?page=list&sourceType=2
浦东新区-三林新村133弄,"地处繁华商圈, 治安良好, 配备宽带",距11号线三林886米,2室1厅1卫-78.0㎡ ,5500,http://www.mgzf.com/room/15284455.shtml?page=list&sourceType=2
浦东新区-金谊河畔,"地处中心地段, 视野开阔, 房间朝向好",距11号线三林505米,三居室-南卧-30.0㎡,3600,http://www.mgzf.com/room/15208525.shtml?page=list&sourceType=2
奉贤区-友家公寓联盟南桥店,"地处中心地段, 安静宜居, 配备宽带",距5号线环城东路796米,1室1厅1卫-30.0㎡ 标房,1300,http://www.mgzf.com/room/3145975.shtml?page=list&sourceType=2
浦东新区-招远小区,陆家嘴品牌公寓 招远小区 精装一室一厅 地铁2号线,距2号线东昌路323米,1室1厅1卫-40.0㎡ ,6188,http://www.mgzf.com/room/15212230.shtml?page=list&sourceType=2
浦东新区-博爱家园,"房间照片实拍, 黄金楼层, 家具齐全",距6号线高科西路193米,1室0厅1卫-25.0㎡ ,1600,http://www.mgzf.com/room/15184705.shtml?page=list&sourceType=2
浦东新区-新世纪花苑一期,"地处中心地段, 视野开阔, 家具齐全",距7号线长清路113米,二居室-南卧-30.0㎡,2200,http://www.mgzf.com/room/15229153.shtml?page=list&sourceType=2
浦东新区-川杨新苑四期,近13号线 绿地 百度 软件园 精装全配 欧式家具 看好即住,距13号线张江路820米,三居室-南卧-25.0㎡,1100,http://www.mgzf.com/room/15201988.shtml?page=list&sourceType=2
浦东新区-齐友佳苑,"交通便利, 可随时看房, 家具齐全",距2号线东延伸段创新中路939米,四居室-南卧-18.0㎡,1900,http://www.mgzf.com/room/15230182.shtml?page=list&sourceType=2
浦东新区-绿波城,房东直租：可办居住证、落户（网签租赁备案） 整租两房近地铁,距2号线东延伸段创新中路880米,2室1厅1卫-75.0㎡ ,5600,http://www.mgzf.com/room/15094978.shtml?page=list&sourceType=2
浦东新区-东方康德家园971弄,（ 微 租 公 寓 ）会 员 终 生 免 佣,距8号线芦恒路1741米,1室0厅1卫-18.0㎡ ,1800,http://www.mgzf.com/room/15219946.shtml?page=list&sourceType=2
浦东新区-盛世南苑,房屋出租，喜欢，加微信Msj4948,距8号线芦恒路408米,1室0厅1卫-28.0㎡ ,1680,http://www.mgzf.com/room/15187570.shtml?page=list&sourceType=2
浦东新区-博学家园,(微租公寓)会员终生免佣,距6号线高青路412米,1室0厅1卫-20.0㎡ ,1950,http://www.mgzf.com/room/15149446.shtml?page=list&sourceType=2
浦东新区-申城佳苑三期A块,"房间照片实拍, 性价比高, 电梯房",距13号线张江路1271米,四居室-南卧-18.0㎡,1900,http://www.mgzf.com/room/15250888.shtml?page=list&sourceType=2
浦东新区-幸福里,免中介费，近，王港卡园，王港菜市场 恒生商业广场卡园金融中心,位于 唐镇 附近,三居室-南卧-28.0㎡,1450,http://www.mgzf.com/room/15449617.shtml?page=list&sourceType=2
浦东新区-博爱家园,"地处中心地段, 视野开阔, 房间朝向好",距6号线高科西路193米,二居室-南卧-33.0㎡,2200,http://www.mgzf.com/room/15229312.shtml?page=list&sourceType=2
闵行区-华侨城六期,( 网 红 租 房 ) 会 员 终 生 免 拥,距8号线浦江镇261米,1室0厅1卫-48.0㎡ ,1600,http://www.mgzf.com/room/15142957.shtml?page=list&sourceType=2
松江区-摩卡小城,只要你需要，风里雨里我在这儿等你，申家给你安心舒心放心的小,距9号线九亭1275米,四居室-南卧-23.0㎡,1900,http://www.mgzf.com/room/11115383.shtml?page=list&sourceType=2
浦东新区-齐友佳苑,二号线唐镇站，齐友佳苑精装三房，可做员工宿舍，无中介费,距2号线东延伸段创新中路939米,3室1厅1卫-82.0㎡ ,4700,http://www.mgzf.com/room/15055858.shtml?page=list&sourceType=2
浦东新区-金唐公寓,"地处中心地段, 中高楼层, 配备宽带",位于 唐镇 附近,3室1厅1卫-88.0㎡ ,5600,http://www.mgzf.com/room/15054670.shtml?page=list&sourceType=2
静安区-简约小家,"交通购物超便利, 高档品质小区, 独立卫浴",距3号线东宝兴路488米,1室1厅1卫-22.0㎡ 青年系列,2580,http://www.mgzf.com/room/632639.shtml?page=list&sourceType=2
浦东新区-博爱家园,6号线7号线高科西路站，交通便利，小区绿化好，欢迎随时看房,距6号线高科西路193米,1室0厅1卫-30.0㎡ ,2200,http://www.mgzf.com/room/15306733.shtml?page=list&sourceType=2
浦东新区-东方康达二期,"地处中心地段, 安静宜居, 拎包入住",位于 三林 附近,1室0厅1卫-27.0㎡ ,1520,http://www.mgzf.com/room/15306712.shtml?page=list&sourceType=2
浦东新区-金谊河畔,"交通购物超便利, 安静宜居, 房间干净整洁",距11号线三林505米,2室2厅1卫-107.0㎡ ,6000,http://www.mgzf.com/room/15305755.shtml?page=list&sourceType=2
浦东新区-三杨新村一街坊,"地铁沿线, 可随时看房, 拎包入住",距8号线杨思772米,1室1厅1卫-15.0㎡ ,1600,http://www.mgzf.com/room/15033682.shtml?page=list&sourceType=2
浦东新区-金谊河畔,"地处中心地段, 性价比高, 采光充足",距11号线三林505米,三居室-南卧-28.0㎡,3500,http://www.mgzf.com/room/15208528.shtml?page=list&sourceType=2
浦东新区-东方康达家苑二期,（微租公寓）会员终身免佣   ,距8号线芦恒路715米,1室0厅1卫-18.0㎡ ,1700,http://www.mgzf.com/room/15208453.shtml?page=list&sourceType=2
浦东新区-万嘉欣苑,"地理位置优越, 中高楼层, 采光充足",位于 唐镇 附近,2室1厅1卫-65.0㎡ ,3800,http://www.mgzf.com/room/15213391.shtml?page=list&sourceType=2
浦东新区-岭南苑,"地处中心地段, 物业管理严格, 房间干净整洁",距8号线凌兆新村237米,1室0厅1卫-23.0㎡ ,1900,http://www.mgzf.com/room/15295696.shtml?page=list&sourceType=2
徐汇区-Nex Home轻奢公寓,这个城市，属于你的故事和家,距10号线宋园路1267米,1室0厅1卫-20.0㎡ C,4100,http://www.mgzf.com/room/61555.shtml?page=list&sourceType=2
浦东新区-上钢五村,"社区配套成熟, 绿化覆盖率高, 家具齐全",距13号线长清路133米,三居室-南卧-18.0㎡,2000,http://www.mgzf.com/room/15228319.shtml?page=list&sourceType=2
闵行区-舒适复试一居室,"房间照片实拍, 可随时看房, 房间朝向好",距12号线七莘路629米,1室1厅1卫-32.0㎡ 迎接朝阳,2784,http://www.mgzf.com/room/14604220.shtml?page=list&sourceType=2
浦东新区-东方康达家苑二期,"地铁沿线, 可随时看房, 电梯房",距8号线芦恒路715米,1室0厅0卫-30.0㎡ ,1760,http://www.mgzf.com/room/15178024.shtml?page=list&sourceType=2
浦东新区-莲杨苑,非常干净漂亮的房子，实际房子比图片好看！！！,距13号线陈春路437米,4室1厅2卫-126.0㎡ ,10500,http://www.mgzf.com/room/15489508.shtml?page=list&sourceType=2
浦东新区-绿波城,"地铁沿线, 物业管理严格, 家具齐全",距2号线东延伸段创新中路880米,四居室-南卧-25.0㎡,2600,http://www.mgzf.com/room/15230155.shtml?page=list&sourceType=2
浦东新区-三林新村136弄,"地理位置优越, 物业管理严格, 房间朝向好",距11号线三林1291米,1室0厅1卫-18.0㎡ ,1500,http://www.mgzf.com/room/15296842.shtml?page=list&sourceType=2
闵行区-浦江世博家园四街坊,蘑菇一点通，租房好轻松,距8号线江月路582米,2室1厅1卫-88.0㎡ ,3900,http://www.mgzf.com/room/15488794.shtml?page=list&sourceType=2
闵行区-浦江世博家园四街坊,蘑菇一点通，租房好轻松,距8号线江月路582米,1室1厅1卫-55.0㎡ ,2900,http://www.mgzf.com/room/15488776.shtml?page=list&sourceType=2
闵行区-浦江世博家园四街坊,蘑菇一点通，租房好轻松,距8号线江月路582米,1室1厅1卫-55.0㎡ ,2800,http://www.mgzf.com/room/15488773.shtml?page=list&sourceType=2
闵行区-浦江世博家园四街坊,蘑菇一点通，租房好轻松,距8号线江月路582米,1室1厅1卫-55.0㎡ ,3100,http://www.mgzf.com/room/15488782.shtml?page=list&sourceType=2
闵行区-世博家园二街坊,"地处繁华商圈, 视野开阔, 房间干净整洁",距8号线江月路817米,2室1厅1卫-65.0㎡ ,3380,http://www.mgzf.com/room/15488806.shtml?page=list&sourceType=2
闵行区-浦江世博家园四街坊,蘑菇一点通，租房好轻松,距8号线江月路582米,2室1厅1卫-88.0㎡ ,4100,http://www.mgzf.com/room/15488791.shtml?page=list&sourceType=2
闵行区-浦江世博家园四街坊,蘑菇一点通，租房好轻松,距8号线江月路582米,1室1厅1卫-55.0㎡ ,3000,http://www.mgzf.com/room/15488779.shtml?page=list&sourceType=2
闵行区-浦江世博家园四街坊,蘑菇一点通，租房好轻松,距8号线江月路582米,1室1厅1卫-55.0㎡ ,2700,http://www.mgzf.com/room/15488770.shtml?page=list&sourceType=2
闵行区-世博家园四街坊,"社区配套成熟, 可随时看房, 精装修房",位于 浦江镇 附近,2室1厅1卫-56.0㎡ ,3560,http://www.mgzf.com/room/15488920.shtml?page=list&sourceType=2
闵行区-世博家园二街坊,"交通便捷, 黄金楼层, 电梯房",距8号线江月路817米,1室1厅1卫-36.0㎡ ,3000,http://www.mgzf.com/room/15488809.shtml?page=list&sourceType=2
浦东新区-城林雅苑,网红租房，会员终身免佣金。,距8号线芦恒路1379米,3室1厅1卫-78.0㎡ ,4380,http://www.mgzf.com/room/15488683.shtml?page=list&sourceType=2
闵行区-浦江世博家园四街坊,蘑菇一点通，租房好轻松,距8号线江月路582米,1室1厅1卫-55.0㎡ ,4500,http://www.mgzf.com/room/15488785.shtml?page=list&sourceType=2
浦东新区-绿波城,房东直租：可办居住证、落户（网签租赁备案） 整租两房近地铁,距2号线东延伸段创新中路880米,2室1厅1卫-75.0㎡ ,6800,http://www.mgzf.com/room/15094990.shtml?page=list&sourceType=2
浦东新区-盛世南苑,"交通便捷, 高档品质小区, 采光充足",距8号线芦恒路408米,2室1厅1卫-68.0㎡ ,4800,http://www.mgzf.com/room/15488482.shtml?page=list&sourceType=2
浦东新区-盛世南苑,"地处繁华商圈, 治安良好, 房间朝向好",距8号线芦恒路408米,3室1厅1卫-89.0㎡ ,6300,http://www.mgzf.com/room/15488485.shtml?page=list&sourceType=2
浦东新区-城林雅苑,（ 微 租 公 寓 ）会 员 终 生 免 佣,距8号线芦恒路1379米,3室1厅1卫-78.0㎡ ,5000,http://www.mgzf.com/room/15232423.shtml?page=list&sourceType=2
浦东新区-盛世南苑,"地铁沿线, 视野开阔, 舍友素质高",距8号线芦恒路408米,1室0厅1卫-26.0㎡ ,1500,http://www.mgzf.com/room/15488491.shtml?page=list&sourceType=2
浦东新区-东方康达家苑二期,靠近芦恒路8号地铁站 ,距8号线芦恒路715米,二居室-南卧-20.0㎡,2000,http://www.mgzf.com/room/15187450.shtml?page=list&sourceType=2
浦东新区-东方康德家园971弄,网红租房，会员终身免佣金,距8号线芦恒路1741米,3室1厅1卫-96.0㎡ ,5000,http://www.mgzf.com/room/15487963.shtml?page=list&sourceType=2
浦东新区-万嘉欣苑,"地理位置优越, 中高楼层, 采光充足",位于 唐镇 附近,1室1厅1卫-60.0㎡ ,3500,http://www.mgzf.com/room/15213385.shtml?page=list&sourceType=2
浦东新区-古银杏苑,"房间照片实拍, 可随时看房, 电梯房",距11号线三林东701米,2室2厅1卫-85.0㎡ ,5200,http://www.mgzf.com/room/15185881.shtml?page=list&sourceType=2
松江区-九城湖滨,"房间照片实拍, 物业管理严格, 房间干净整洁",距9号线九亭1339米,四居室-南卧-16.0㎡,2050,http://www.mgzf.com/room/497961.shtml?page=list&sourceType=2
浦东新区-瀚锦苑,"地理位置优越, 视野开阔, 舍友素质高",距6号线华夏西路318米,1室1厅1卫-62.0㎡ ,4000,http://www.mgzf.com/room/15004447.shtml?page=list&sourceType=2
浦东新区-龙博公寓,13号线地铁零距离，地铁出行5分钟，可直达南京西路,距13号线北蔡272米,四居室-南卧-24.0㎡,2600,http://www.mgzf.com/room/15229612.shtml?page=list&sourceType=2
浦东新区-川杨新苑南区,"交通购物超便利, 视野开阔, 电梯房,步行地铁站300米",距13号线张江路175米,四居室-南卧-18.0㎡,2000,http://www.mgzf.com/room/15250885.shtml?page=list&sourceType=2
浦东新区-艾南花苑,7号线地铁零距离，上班出行5分钟到地铁站,距7号线杨高南路391米,四居室-南卧-24.0㎡,2450,http://www.mgzf.com/room/15229654.shtml?page=list&sourceType=2
闵行区-浦江世博家园四街坊,8号线 江月路地铁200米 生活广场里面 精装整一室一厅一卫,距8号线江月路582米,1室1厅1卫-46.0㎡ ,2700,http://www.mgzf.com/room/15483160.shtml?page=list&sourceType=2
浦东新区-唐丰苑,房东直租，无中介费，无服务费，原始户型，百套房可选，张江唐镇,位于 唐镇 附近,1室1厅1卫-58.0㎡ ,3900,http://www.mgzf.com/room/15141709.shtml?page=list&sourceType=2
浦东新区-瑞寓公寓C幢,"地铁沿线, 治安良好, 电梯房",位于 川沙 附近,1室0厅1卫-20.0㎡ 瑞寓公寓C幢,1700,http://www.mgzf.com/room/2182162.shtml?page=list&sourceType=2
浦东新区-东方悦居苑,蘑菇一点通，租房好轻松,距8号线成山路1011米,2室1厅1卫-55.0㎡ ,3800,http://www.mgzf.com/room/15476149.shtml?page=list&sourceType=2
徐汇区-柚米国际社区（徐汇滨江店）,"地理位置优越, 性价比高, 独立卫浴",距4号线大木桥路674米,1室1厅1卫-25.0㎡ 小单间,4200,http://www.mgzf.com/room/13964623.shtml?page=list&sourceType=2
浦东新区-上南九村,成山路地铁站1号口近地铁古典一房民用水电天然气厨房真实房源,距8号线成山路180米,1室1厅1卫-38.0㎡ ,3999,http://www.mgzf.com/room/15287128.shtml?page=list&sourceType=2
浦东新区-东方悦居,"地处中心地段, 中高楼层, 拎包入住",距6号线东明路912米,2室1厅1卫-70.0㎡ ,3800,http://www.mgzf.com/room/15286288.shtml?page=list&sourceType=2
浦东新区-上钢六村,黄金三楼民用水电三百米地铁口随时看房一房两厅零甲醛,距13号线长清路233米,1室1厅1卫-40.0㎡ ,4000,http://www.mgzf.com/room/15474937.shtml?page=list&sourceType=2
浦东新区-三林新村468弄,"交通便利, 中高楼层, 配备宽带",距11号线三林1132米,1室0厅1卫-30.0㎡ ,1600,http://www.mgzf.com/room/15286147.shtml?page=list&sourceType=2
浦东新区-三林新村468弄,"周边设施齐全, 高档品质小区, 家具齐全",距11号线三林1132米,2室1厅1卫-29.0㎡ ,4000,http://www.mgzf.com/room/15286252.shtml?page=list&sourceType=2
浦东新区-湾流域城(金地湾流域一期),真正的拎包入住，洒脱无比,距6号线华夏西路426米,2室1厅1卫-93.0㎡ ,6800,http://www.mgzf.com/room/15284656.shtml?page=list&sourceType=2
浦东新区-南杨小区643弄,Octopus Apartment 距离8号线杨思地铁站零距,距8号线杨思295米,2室1厅1卫-48.0㎡ ,5500,http://www.mgzf.com/room/15472624.shtml?page=list&sourceType=2
浦东新区-锦翠苑,"地理位置优越, 治安良好, 采光充足",距6号线灵岩南路186米,3室1厅1卫-98.0㎡ ,6800,http://www.mgzf.com/room/15472126.shtml?page=list&sourceType=2
浦东新区-三林新村258弄,"地理位置优越, 中高楼层, 拎包入住",距11号线三林764米,1室1厅1卫-35.0㎡ ,2200,http://www.mgzf.com/room/15070615.shtml?page=list&sourceType=2
浦东新区-东方悦居,（ 微 租 公 寓 ）会 员 终 生 免 佣,距6号线东明路912米,1室0厅1卫-20.0㎡ ,1700,http://www.mgzf.com/room/15191467.shtml?page=list&sourceType=2
浦东新区-周浦万达广场,"地理位置优越, 黄金楼层, 独立卫浴",位于 周浦 附近,1室1厅1卫-45.0㎡ ,2850,http://www.mgzf.com/room/15472708.shtml?page=list&sourceType=2
浦东新区-日月新苑,"房间照片实拍, 视野开阔, 拎包入住",距6号线上南路161米,3室2厅1卫-98.0㎡ ,7200,http://www.mgzf.com/room/15471940.shtml?page=list&sourceType=2
闵行区-浦恒馨苑2161弄,网红租房，会员终身免佣金,距8号线芦恒路1352米,1室1厅1卫-16.0㎡ ,1650,http://www.mgzf.com/room/15149509.shtml?page=list&sourceType=2
浦东新区-建业新村,"交通购物超便利, 治安良好, 精装修房",距7号线杨高南路433米,3室1厅1卫-102.0㎡ ,7200,http://www.mgzf.com/room/15472396.shtml?page=list&sourceType=2
闵行区-浦恒馨苑,"地处中心地段, 中高楼层, 采光充足",位于 浦江镇 附近,1室0厅1卫-28.0㎡ ,1500,http://www.mgzf.com/room/15280492.shtml?page=list&sourceType=2
浦东新区-日月新苑,"社区配套成熟, 中高楼层, 房间干净整洁",距6号线上南路161米,2室2厅1卫-100.0㎡ ,6500,http://www.mgzf.com/room/15471910.shtml?page=list&sourceType=2
浦东新区-上南花苑三期（257弄）,"房间照片实拍, 性价比高, 房间朝向好",距7号线云台路365米,2室2厅2卫-105.0㎡ ,6800,http://www.mgzf.com/room/15471970.shtml?page=list&sourceType=2
浦东新区-小布丁公寓,"交通便捷, 可随时看房, 采光充足",距11号线御桥1157米,1室1厅1卫-20.0㎡ 平层,1500,http://www.mgzf.com/room/15326227.shtml?page=list&sourceType=2
宝山区-友家联盟社区（水产路店）,"地铁沿线, 安静宜居, 配备宽带",距3号线水产路482米,1室0厅1卫-22.0㎡ 2280房型,2280,http://www.mgzf.com/room/10767014.shtml?page=list&sourceType=2
浦东新区-东方悦居1121,"周边设施齐全, 绿化覆盖率高, 房间干净整洁",距6号线东明路912米,1室0厅1卫-22.0㎡ ,2200,http://www.mgzf.com/room/15121756.shtml?page=list&sourceType=2
浦东新区-东旭雅苑,近 五角场 杨浦6/12号线地铁 东旭雅苑三室一厅精装全配,距6号线东靖路1033米,3室1厅1卫-90.0㎡ ,5100,http://www.mgzf.com/room/15069637.shtml?page=list&sourceType=2
杨浦区-湾流国际青年社区（隆昌路店）,"房间照片实拍, 可随时看房, 采光充足",距12号线隆昌路538米,1室1厅1卫-27.0㎡ 原生裸心风中庭,4450,http://www.mgzf.com/room/8146119.shtml?page=list&sourceType=2
松江区-凯富人才公寓,"地处繁华商圈, 绿化覆盖率高, 房间干净整洁",位于 松江科技园 附近,1室0厅1卫-15.0㎡ 超大私密空间独卫,1000,http://www.mgzf.com/room/11006075.shtml?page=list&sourceType=2
浦东新区-潍坊四村,(微租公寓)会员终身免佣,距6号线浦电路499米,2室1厅1卫-70.0㎡ ,4500,http://www.mgzf.com/room/15320800.shtml?page=list&sourceType=2
浦东新区-东方康德家园105弄,"交通购物超便利, 高档品质小区, 采光充足",距11号线三林835米,1室0厅1卫-30.0㎡ ,1535,http://www.mgzf.com/room/15142645.shtml?page=list&sourceType=2
浦东新区-东方康达家苑二期,"周边设施齐全, 安静宜居, 拎包入住",距8号线芦恒路715米,2室1厅1卫-76.0㎡ ,5500,http://www.mgzf.com/room/15130348.shtml?page=list&sourceType=2
浦东新区-由由七村,精装次卧带独卫，拎包入住，押一付一,距7号线杨高南路228米,二居室-南卧-24.0㎡,1500,http://www.mgzf.com/room/15219943.shtml?page=list&sourceType=2
浦东新区-唐丰苑,"交通便捷, 安静宜居, 拎包入住",位于 唐镇 附近,1室1厅1卫-60.0㎡ ,3900,http://www.mgzf.com/room/15254782.shtml?page=list&sourceType=2
浦东新区-上钢一村,Octopus Apartment 成山路 长青路地铁站 ,距8号线成山路308米,2室1厅1卫-48.0㎡ ,5800,http://www.mgzf.com/room/15467650.shtml?page=list&sourceType=2
闵行区-一品漫城一期,"地理位置优越, 高档品质小区, 精装修房",距8号线芦恒路15米,1室0厅1卫-28.0㎡ ,1650,http://www.mgzf.com/room/15467278.shtml?page=list&sourceType=2
浦东新区-高申北苑,近 五角场 杨浦612号线地铁高申北苑朝南主卧带阳台精装全配,距6号线五洲大道902米,四居室-南卧-25.0㎡,2000,http://www.mgzf.com/room/15169903.shtml?page=list&sourceType=2
松江区-上海市松江区源花城,离地铁口近，房屋及周边设备齐全，民用水电，有管家服务,距9号线九亭1492米,四居室-东南卧-17.0㎡,2100,http://www.mgzf.com/room/8961233.shtml?page=list&sourceType=2
浦东新区-世华锦城,"交通便利, 高档品质小区, 房间朝向好",距8号线杨思601米,3室1厅1卫-92.0㎡ ,8600,http://www.mgzf.com/room/15187177.shtml?page=list&sourceType=2
浦东新区-上南四村,"地处繁华商圈, 绿化覆盖率高, 家具齐全",距8号线成山路204米,1室1厅1卫-56.0㎡ ,4800,http://www.mgzf.com/room/15467101.shtml?page=list&sourceType=2
浦东新区-齐友佳苑,二号线创新中路站，齐友佳苑精装朝南主卧带阳台，无中介费随时看,距2号线东延伸段创新中路939米,四居室-南卧-25.0㎡,1900,http://www.mgzf.com/room/15252310.shtml?page=list&sourceType=2
浦东新区-唐丰苑,二号线唐镇站，唐丰苑精装整租三房，无中介费，可付一押一,位于 唐镇 附近,3室1厅1卫-78.0㎡ ,5300,http://www.mgzf.com/room/15059443.shtml?page=list&sourceType=2
浦东新区-齐友佳苑,二号线创新中路站，齐友佳苑精装朝南主卧带独卫，无中介费随时看,距2号线东延伸段创新中路939米,四居室-南卧-25.0㎡,2300,http://www.mgzf.com/room/15252307.shtml?page=list&sourceType=2
浦东新区-南杨小区643弄,杨思站2号口斜对面两房民用水电天然气制热价格便宜看房随时真实,距8号线杨思295米,2室1厅1卫-56.0㎡ ,4500,http://www.mgzf.com/room/15465751.shtml?page=list&sourceType=2
浦东新区-上钢四村,黄金三楼整租一房民用水电精装修价格不贵耀华路3号口5分钟,距13号线长清路321米,1室1厅1卫-38.0㎡ ,3700,http://www.mgzf.com/room/15465043.shtml?page=list&sourceType=2
浦东新区-上钢二村,精装修一房民用水电天然气制热耀华路3号口3分钟采光好朝向北侧,距7号线耀华路268米,1室0厅1卫-30.0㎡ ,3500,http://www.mgzf.com/room/15465562.shtml?page=list&sourceType=2
浦东新区-岭南苑（凌兆路127弄）,"地铁沿线, 高档品质小区, 电梯房",距8号线凌兆新村0米,3室1厅1卫-93.0㎡ ,4100,http://www.mgzf.com/room/15466102.shtml?page=list&sourceType=2
浦东新区-思浦小区（灵岩南路156弄）,杨思站2号口对面整租一房民用水电步梯黄金三楼天然气精装厨房南,距8号线杨思215米,1室1厅1卫-40.0㎡ ,3700,http://www.mgzf.com/room/15465214.shtml?page=list&sourceType=2
闵行区-滨浦新苑二村,8号线  联航路地铁附近 精装两室一厅 电梯高层采光好随时看,距8号线沈杜公路797米,2室2厅1卫-89.0㎡ ,3100,http://www.mgzf.com/room/15465811.shtml?page=list&sourceType=2
浦东新区-上南一村,耀华路2号口3分钟整租一房两厅民用水电古朴精装风马到成功,距7号线耀华路270米,1室2厅1卫-42.0㎡ ,4200,http://www.mgzf.com/room/15464818.shtml?page=list&sourceType=2
浦东新区-上钢二村,三楼整租一房民用水电租客20号搬走昌里路边耀华路3号口5分钟,距7号线耀华路268米,1室1厅1卫-38.0㎡ ,3700,http://www.mgzf.com/room/15465034.shtml?page=list&sourceType=2
浦东新区-瀚盛家园,"交通便捷, 安静宜居, 家具齐全",位于 唐镇 附近,三居室-南卧-20.0㎡,2000,http://www.mgzf.com/room/15146446.shtml?page=list&sourceType=2
松江区-九城湖滨国际,"地理位置优越, 黄金楼层, 精装修房",距9号线九亭1316米,四居室-南卧-28.0㎡,1700,http://www.mgzf.com/room/297210.shtml?page=list&sourceType=2
浦东新区-上南花苑,"周边设施齐全, 绿化覆盖率高, 配备宽带",距13号线北蔡474米,二居室-南卧-25.0㎡,2200,http://www.mgzf.com/room/15228559.shtml?page=list&sourceType=2
浦东新区-金唐公寓,"地理位置优越, 治安良好, 精装修拎包入住",位于 唐镇 附近,3室1厅1卫-85.0㎡ ,5600,http://www.mgzf.com/room/15054262.shtml?page=list&sourceType=2
浦东新区-思浦小区（灵岩南路156弄）,思浦小区，坐拥地铁口10米，全南户型，中心位置，自住装修,距8号线杨思215米,1室1厅1卫-36.0㎡ ,4500,http://www.mgzf.com/room/15214189.shtml?page=list&sourceType=2
嘉定区-柚米国际公寓（江桥店）,"周边设施齐全, 高档品质小区, 舍友素质高",位于 江桥 附近,1室1厅1卫-28.0㎡ 温暖小窝,2999,http://www.mgzf.com/room/13955533.shtml?page=list&sourceType=2
闵行区-浦恒馨苑2161弄,网红租房，会员终身免佣金,距8号线芦恒路1352米,1室0厅1卫-27.0㎡ ,1580,http://www.mgzf.com/room/15137470.shtml?page=list&sourceType=2
浦东新区-杨思水镜园,"地理位置优越, 安静宜居, 拎包入住",距8号线杨思288米,3室1厅1卫-123.0㎡ ,4900,http://www.mgzf.com/room/15459244.shtml?page=list&sourceType=2
浦东新区-杨思水镜园,"地理位置优越, 安静宜居, 拎包入住",距8号线杨思288米,3室1厅1卫-121.0㎡ ,4800,http://www.mgzf.com/room/15459238.shtml?page=list&sourceType=2
浦东新区-济阳三村,Octopus Apartment 长青路地铁站 拎包入住,距7号线长清路974米,2室1厅1卫-45.0㎡ ,5500,http://www.mgzf.com/room/15459025.shtml?page=list&sourceType=2
浦东新区-岭南苑（凌兆路127弄）,"房间照片实拍, 黄金楼层, 拎包入住",距8号线凌兆新村0米,2室1厅1卫-74.0㎡ ,3100,http://www.mgzf.com/room/15456517.shtml?page=list&sourceType=2
浦东新区-杨思水镜园,（ 微 租 公 寓 ）会 员 终 生 免 佣,距8号线杨思288米,2室1厅1卫-48.0㎡ ,4700,http://www.mgzf.com/room/15314896.shtml?page=list&sourceType=2
浦东新区-东方康达家苑二期,（微租公寓）会员终身免佣   ,距8号线芦恒路715米,1室0厅1卫-20.0㎡ ,1690,http://www.mgzf.com/room/15208474.shtml?page=list&sourceType=2
浦东新区-瑞康苑,网红租房，会员终身免佣金,距8号线芦恒路1223米,3室1厅1卫-82.0㎡ ,4380,http://www.mgzf.com/room/15457324.shtml?page=list&sourceType=2
杨浦区-湾流国际青年社区（隆昌路店）,"社区配套成熟, 物业管理严格, 采光充足",距12号线隆昌路538米,1室0厅1卫-30.0㎡ 原生裸心风中庭A,5000,http://www.mgzf.com/room/8146110.shtml?page=list&sourceType=2
浦东新区-大名城紫金九号,民用水电 房东直租也可分租单间 家电齐全 可随时看房拎包入住,位于 唐镇 附近,4室1厅2卫-92.0㎡ ,5800,http://www.mgzf.com/room/15295513.shtml?page=list&sourceType=2
徐汇区-尊园,蘑菇一点通，租房好轻松,距1号线徐家汇426米,1室0厅1卫-25.0㎡ ,2100,http://www.mgzf.com/room/15449056.shtml?page=list&sourceType=2
浦东新区-三林新村468弄,蘑菇一点通，租房好轻松,距11号线三林1132米,1室0厅1卫-25.0㎡ ,1400,http://www.mgzf.com/room/15448960.shtml?page=list&sourceType=2
浦东新区-三林新村468弄,蘑菇一点通，租房好轻松,距11号线三林1132米,1室0厅1卫-25.0㎡ ,2000,http://www.mgzf.com/room/15448978.shtml?page=list&sourceType=2
浦东新区-上钢八村,Octopus Apartment 拎包入住,距7号线长清路341米,1室1厅1卫-41.0㎡ ,4650,http://www.mgzf.com/room/15449434.shtml?page=list&sourceType=2
浦东新区-依水园(二期),网红租房，会员终身免佣金,距8号线芦恒路1113米,1室1厅1卫-56.0㎡ ,3300,http://www.mgzf.com/room/15449074.shtml?page=list&sourceType=2
浦东新区-依水园& #40;二期& #41;,网红租房，会员终身免佣金,距8号线芦恒路1113米,2室1厅1卫-78.0㎡ ,4300,http://www.mgzf.com/room/15449083.shtml?page=list&sourceType=2
徐汇区-尊园,蘑菇一点通，租房好轻松,距1号线徐家汇426米,1室0厅1卫-25.0㎡ ,2200,http://www.mgzf.com/room/15449062.shtml?page=list&sourceType=2
徐汇区-尊园,蘑菇一点通，租房好轻松,距1号线徐家汇426米,1室0厅1卫-25.0㎡ ,1900,http://www.mgzf.com/room/15449053.shtml?page=list&sourceType=2
浦东新区-川杨新苑一期,"地铁零距离, 性价比高, 舍友素质高",距13号线张江路341米,四居室-南卧-20.0㎡,2188,http://www.mgzf.com/room/15230164.shtml?page=list&sourceType=2
闵行区-浦恒馨苑2161,网红租房，会员终身免佣金,距8号线芦恒路1521米,1室0厅1卫-28.0㎡ ,1680,http://www.mgzf.com/room/15137161.shtml?page=list&sourceType=2
浦东新区-依水园二期,蘑菇一点通，租房很轻松,距8号线芦恒路1115米,2室1厅1卫-88.0㎡ ,3900,http://www.mgzf.com/room/15438946.shtml?page=list&sourceType=2
浦东新区-三林新村468弄,蘑菇一点通，租房好轻松,距11号线三林1132米,1室0厅1卫-25.0㎡ ,1500,http://www.mgzf.com/room/15448963.shtml?page=list&sourceType=2
徐汇区-尊园,蘑菇一点通，租房好轻松,距1号线徐家汇426米,1室0厅1卫-25.0㎡ ,2600,http://www.mgzf.com/room/15449071.shtml?page=list&sourceType=2
浦东新区-云台大厦,有故事的房子  花心思的家  寻有缘人  快快联系吧,距7号线云台路128米,2室2厅1卫-85.0㎡ ,5400,http://www.mgzf.com/room/15447415.shtml?page=list&sourceType=2
浦东新区-依水园& #40;二期& #41;,网红租房，会员终身免佣金,距8号线芦恒路1113米,1室1厅1卫-56.0㎡ ,3500,http://www.mgzf.com/room/15447898.shtml?page=list&sourceType=2
闵行区-浦江柚米寓,整租 全新家具家电 一室一厅独卫 环境干净整洁 冬暖夏凉,距8号线联航路361米,1室1厅1卫-30.0㎡ 冷轻吟,2790,http://www.mgzf.com/room/14988049.shtml?page=list&sourceType=2
徐汇区-尊园,蘑菇一点通，租房好轻松,距1号线徐家汇426米,1室0厅1卫-25.0㎡ ,1850,http://www.mgzf.com/room/15449059.shtml?page=list&sourceType=2
浦东新区-三林新村468弄,蘑菇一点通，租房好轻松,距11号线三林1132米,1室0厅1卫-25.0㎡ ,1800,http://www.mgzf.com/room/15448972.shtml?page=list&sourceType=2
徐汇区-尊园,蘑菇一点通，租房好轻松,距1号线徐家汇426米,1室0厅1卫-25.0㎡ ,2400,http://www.mgzf.com/room/15449065.shtml?page=list&sourceType=2
浦东新区-依水园二期,蘑菇一点通，租房很轻松,距8号线芦恒路1115米,2室1厅1卫-88.0㎡ ,3800,http://www.mgzf.com/room/15438949.shtml?page=list&sourceType=2
浦东新区-依水园二期,蘑菇一点通，租房很轻松,距8号线芦恒路1115米,2室1厅1卫-88.0㎡ ,4200,http://www.mgzf.com/room/15438943.shtml?page=list&sourceType=2
浦东新区-三林新村468弄,蘑菇一点通，租房好轻松,距11号线三林1132米,1室0厅1卫-25.0㎡ ,1600,http://www.mgzf.com/room/15448966.shtml?page=list&sourceType=2
浦东新区-三林新村468弄,蘑菇一点通，租房好轻松,距11号线三林1132米,1室0厅1卫-25.0㎡ ,1300,http://www.mgzf.com/room/15448957.shtml?page=list&sourceType=2
浦东新区-金光小区,"地处中心地段, 视野开阔, 电梯房",距11号线三林288米,2室1厅1卫-75.0㎡ ,5000,http://www.mgzf.com/room/15449095.shtml?page=list&sourceType=2
浦东新区-瑞康苑,网红租房，会员终身免佣金,距8号线芦恒路1223米,3室1厅1卫-98.0㎡ ,4300,http://www.mgzf.com/room/15447982.shtml?page=list&sourceType=2
浦东新区-东方康安家园,网红租房，会员终身免佣金,距8号线芦恒路1173米,3室1厅1卫-98.0㎡ ,4600,http://www.mgzf.com/room/15448510.shtml?page=list&sourceType=2
浦东新区-凌兆二村,8号线凌兆和6号线上南路站 双轨,距6号线灵岩南路530米,2室1厅1卫-82.0㎡ ,3500,http://www.mgzf.com/room/15130699.shtml?page=list&sourceType=2
浦东新区-唐丰苑,"地铁沿线, 绿化覆盖率高, 采光充足",位于 唐镇 附近,三居室-南卧-18.0㎡,1700,http://www.mgzf.com/room/15198994.shtml?page=list&sourceType=2
浦东新区-东方康达二期,"房间照片实拍, 视野开阔, 独立卫浴",位于 三林 附近,1室0厅1卫-28.0㎡ ,1700,http://www.mgzf.com/room/15204442.shtml?page=list&sourceType=2
闵行区-闵浦新苑一村,"交通购物超便利, 治安良好, 拎包入住",距轨道交通浦江线三鲁公路352米,三居室-南卧-22.0㎡,1300,http://www.mgzf.com/room/15192403.shtml?page=list&sourceType=2
浦东新区-翰城国际,"地处繁华商圈, 安静宜居, 家具齐全",距6号线华夏西路725米,3室2厅1卫-120.0㎡ ,6500,http://www.mgzf.com/room/15296857.shtml?page=list&sourceType=2
浦东新区-大华锦绣华城2-2街坊,一周七天都想懒床，换个房子，最晚起床，最早上班,距13号线华鹏路600米,二居室-南卧-22.0㎡,2100,http://www.mgzf.com/room/15203296.shtml?page=list&sourceType=2
浦东新区-浦发绿城,精装全配，三户合租，全独立一室户，位于11号线旁，欢迎看房,距11号线浦三路794米,三居室-南卧-25.0㎡,2500,http://www.mgzf.com/room/15201721.shtml?page=list&sourceType=2
浦东新区-莲康苑,"交通便捷, 高档品质小区, 采光充足",距13号线莲溪路403米,四居室-南卧-24.0㎡,2600,http://www.mgzf.com/room/15229627.shtml?page=list&sourceType=2
浦东新区-申江豪城,"地处中心地段, 治安良好, 电梯房",距8号线杨思702米,1室0厅1卫-28.0㎡ ,1950,http://www.mgzf.com/room/15444736.shtml?page=list&sourceType=2
浦东新区-上南路4362弄,"地处繁华商圈, 绿化覆盖率高, 房间干净整洁",距11号线三林93米,二居室-南卧-30.0㎡,2000,http://www.mgzf.com/room/15229543.shtml?page=list&sourceType=2
闵行区-华侨城八期,( 网 红 租 房 ) 会 员 终 生 免 拥,距8号线浦江镇937米,1室0厅1卫-40.0㎡ ,1400,http://www.mgzf.com/room/15144352.shtml?page=list&sourceType=2
浦东新区-金利公寓,金利公寓 精装一室带独卫 可办居住证 落户 拎包入住,位于 唐镇 附近,四居室-南卧-23.0㎡,2400,http://www.mgzf.com/room/15140299.shtml?page=list&sourceType=2
徐汇区-古北金鹰府,"交通便捷, 黄金楼层, 精装修房",距3号线宜山路535米,1室1厅1卫-55.0㎡ ,6500,http://www.mgzf.com/room/8776343.shtml?page=list&sourceType=2
浦东新区-凌兆十五村,"社区配套成熟, 高档品质小区, 房间朝向好",距6号线灵岩南路351米,1室1厅1卫-56.0㎡ ,3900,http://www.mgzf.com/room/15180430.shtml?page=list&sourceType=2
浦东新区-依水园二期,蘑菇一点通，租房很轻松,距8号线芦恒路1115米,2室1厅1卫-88.0㎡ ,3800,http://www.mgzf.com/room/15438940.shtml?page=list&sourceType=2
浦东新区-依水园二期,蘑菇一点通，租房很轻松,距8号线芦恒路1115米,2室1厅1卫-88.0㎡ ,3500,http://www.mgzf.com/room/15438937.shtml?page=list&sourceType=2
浦东新区-依水园二期,蘑菇一点通，租房很轻松,距8号线芦恒路1115米,2室1厅1卫-88.0㎡ ,3000,http://www.mgzf.com/room/15438928.shtml?page=list&sourceType=2
浦东新区-依水园二期,蘑菇一点通，租房很轻松,距8号线芦恒路1115米,2室1厅1卫-88.0㎡ ,4350,http://www.mgzf.com/room/15438958.shtml?page=list&sourceType=2
浦东新区-依水园二期,蘑菇一点通，租房很轻松,距8号线芦恒路1115米,2室1厅1卫-88.0㎡ ,3200,http://www.mgzf.com/room/15438931.shtml?page=list&sourceType=2
浦东新区-东方康德家园971弄,网红租房，会员终身免佣金,距8号线芦恒路1741米,2室1厅1卫-20.0㎡ ,3800,http://www.mgzf.com/room/15156571.shtml?page=list&sourceType=2
闵行区-自由公寓,"房间照片实拍, 安静宜居, 拎包入住",距1号线莘庄795米,1室0厅1卫-20.0㎡ 复式,2000,http://www.mgzf.com/room/4423351.shtml?page=list&sourceType=2
浦东新区-休思公寓,"交通购物超便利, 可随时看房, 家具齐全",距8号线杨思275米,1室0厅1卫-20.0㎡ 明窗小间,2700,http://www.mgzf.com/room/1222824.shtml?page=list&sourceType=2
徐汇区-云锦东方,蘑菇租房一点通，租房好轻松,距11号线云锦路488米,1室1厅1卫-55.0㎡ ,5000,http://www.mgzf.com/room/15438376.shtml?page=list&sourceType=2
徐汇区-云锦东方,蘑菇租房一点通，租房好轻松,距11号线云锦路488米,1室1厅1卫-55.0㎡ ,4900,http://www.mgzf.com/room/15438373.shtml?page=list&sourceType=2
徐汇区-云锦东方,蘑菇租房一点通，租房好轻松,距11号线云锦路488米,1室1厅1卫-55.0㎡ ,4300,http://www.mgzf.com/room/15438388.shtml?page=list&sourceType=2
徐汇区-云锦东方,蘑菇租房一点通，租房好轻松,距11号线云锦路488米,1室1厅1卫-55.0㎡ ,4500,http://www.mgzf.com/room/15438361.shtml?page=list&sourceType=2
徐汇区-云锦东方,蘑菇租房一点通，租房好轻松,距11号线云锦路488米,1室1厅1卫-55.0㎡ ,4500,http://www.mgzf.com/room/15438361.shtml?page=list&sourceType=2
浦东新区-依水园二期,蘑菇一点通，租房很轻松,距8号线芦恒路1115米,2室1厅1卫-88.0㎡ ,3950,http://www.mgzf.com/room/15438955.shtml?page=list&sourceType=2
徐汇区-云锦东方,蘑菇租房一点通，租房好轻松,距11号线云锦路488米,1室1厅1卫-55.0㎡ ,5200,http://www.mgzf.com/room/15438382.shtml?page=list&sourceType=2
浦东新区-依水园二期,蘑菇一点通，租房很轻松,距8号线芦恒路1115米,2室1厅1卫-88.0㎡ ,3850,http://www.mgzf.com/room/15438952.shtml?page=list&sourceType=2
浦东新区-依水园二期,蘑菇一点通，租房很轻松,距8号线芦恒路1115米,2室1厅1卫-88.0㎡ ,3300,http://www.mgzf.com/room/15438934.shtml?page=list&sourceType=2
闵行区-浦恒馨苑2159弄,"地处繁华商圈, 高档品质小区, 房间朝向好",位于 浦江镇 附近,3室1厅1卫-102.0㎡ ,3600,http://www.mgzf.com/room/15158005.shtml?page=list&sourceType=2
浦东新区-瀚林苑,"地处繁华商圈, 安静宜居, 电梯房",距6号线上南路434米,2室1厅1卫-90.0㎡ ,5200,http://www.mgzf.com/room/15437749.shtml?page=list&sourceType=2
浦东新区-瀚林苑,"地处繁华商圈, 安静宜居, 电梯房",距6号线上南路434米,2室1厅1卫-85.0㎡ ,5200,http://www.mgzf.com/room/15437755.shtml?page=list&sourceType=2
闵行区-滨浦新苑一村,联航路 滨浦新苑一村 一室户 精装 随时可以入住 押一付一,距8号线联航路724米,1室1厅1卫-45.0㎡ ,1450,http://www.mgzf.com/room/15194353.shtml?page=list&sourceType=2
浦东新区-瀚林苑,"房间照片实拍, 中高楼层, 独立卫浴",距6号线上南路434米,3室1厅1卫-113.0㎡ ,6900,http://www.mgzf.com/room/15438556.shtml?page=list&sourceType=2
徐汇区-云锦东方,蘑菇租房一点通，租房好轻松,距11号线云锦路488米,2室1厅1卫-88.0㎡ ,5300,http://www.mgzf.com/room/15438379.shtml?page=list&sourceType=2
徐汇区-云锦东方,蘑菇租房一点通，租房好轻松,距11号线云锦路488米,1室1厅1卫-55.0㎡ ,4800,http://www.mgzf.com/room/15438370.shtml?page=list&sourceType=2
松江区-星辰园,"星辰园，交通购物超便利, 免服务费，可随时看房, 房间朝向好",距9号线松江大学城545米,四居室-南卧-18.0㎡,1800,http://www.mgzf.com/room/1732681.shtml?page=list&sourceType=2
浦东新区-瀚林苑,"地处繁华商圈, 安静宜居, 电梯房",距6号线上南路434米,2室1厅1卫-87.0㎡ ,5350,http://www.mgzf.com/room/15437752.shtml?page=list&sourceType=2
徐汇区-云锦东方,蘑菇租房一点通，租房好轻松,距11号线云锦路488米,1室1厅1卫-55.0㎡ ,4700,http://www.mgzf.com/room/15438367.shtml?page=list&sourceType=2
徐汇区-云锦东方,蘑菇租房一点通，找房很轻松,距11号线云锦路488米,1室1厅1卫-66.0㎡ ,3500,http://www.mgzf.com/room/15438094.shtml?page=list&sourceType=2
松江区-蓝色剑桥元庭,"地处繁华商圈, 中高楼层, 采光充足",位于 松江新城 附近,六居室-东卧-24.0㎡,1500,http://www.mgzf.com/room/478926.shtml?page=list&sourceType=2
浦东新区-长清苑,有故事的房子  花心思的家  寻有缘人  快快联系吧,距8号线杨思665米,2室2厅1卫-95.0㎡ ,5200,http://www.mgzf.com/room/15436711.shtml?page=list&sourceType=2
浦东新区-潍坊四村,(微租公寓)会员终身免佣,距6号线浦电路499米,1室0厅1卫-25.0㎡ ,2100,http://www.mgzf.com/room/15320794.shtml?page=list&sourceType=2
浦东新区-华城秀庭,有故事的房子  花心思的家  寻有缘人  快快联系吧,距8号线杨思446米,2室2厅1卫-95.0㎡ ,4800,http://www.mgzf.com/room/15436540.shtml?page=list&sourceType=2
浦东新区-上钢二村,"地铁沿线, 物业管理严格, 精装修房",距7号线耀华路268米,2室1厅1卫-65.0㎡ ,4500,http://www.mgzf.com/room/15283672.shtml?page=list&sourceType=2
浦东新区-华城丽苑,有故事的房子  花心思的家  寻有缘人  快快联系吧,距8号线杨思455米,2室2厅1卫-85.0㎡ ,5000,http://www.mgzf.com/room/15437020.shtml?page=list&sourceType=2
浦东新区-盛世南苑,房屋出租，喜欢，加微信Msj4948,距8号线芦恒路408米,1室0厅1卫-25.0㎡ ,1800,http://www.mgzf.com/room/15187543.shtml?page=list&sourceType=2
浦东新区-洪山花苑,有故事的房子  花心思的家  寻有缘人  快快联系吧,距8号线成山路350米,2室1厅1卫-80.0㎡ ,5500,http://www.mgzf.com/room/15436144.shtml?page=list&sourceType=2
浦东新区-城建大厦,有故事的房子  花心思的家  寻有缘人  快快联系吧,距8号线成山路100米,2室1厅1卫-85.0㎡ ,5200,http://www.mgzf.com/room/15436081.shtml?page=list&sourceType=2
浦东新区-中星云庭,"周边设施齐全, 安静宜居, 房间朝向好",距8号线成山路629米,2室2厅1卫-95.0㎡ ,6200,http://www.mgzf.com/room/15436216.shtml?page=list&sourceType=2
浦东新区-博学家园1899弄,"周边设施齐全, 中高楼层, 电梯房",距6号线高青路440米,1室0厅1卫-29.0㎡ ,2000,http://www.mgzf.com/room/15220648.shtml?page=list&sourceType=2
浦东新区-YOUNG青年社区世博家园店,全景落地窗、复式结构、两室户、管家服务、直达电梯、免费停车,距11号线浦三路1373米,2室1厅1卫-55.0㎡ 南北大LOFT室,4100,http://www.mgzf.com/room/15201259.shtml?page=list&sourceType=2
浦东新区-休思公寓,"地铁沿线, 可随时看房, 房间朝向好",距8号线杨思275米,1室0厅1卫-25.0㎡ 朝东明窗房,3000,http://www.mgzf.com/room/729566.shtml?page=list&sourceType=2
闵行区-浦江智汇园,"交通购物超便利, 高档品质小区, 采光充足",距8号线联航路985米,1室1厅1卫-55.0㎡ ,1700,http://www.mgzf.com/room/15165232.shtml?page=list&sourceType=2
浦东新区-唐丰苑,房东直租，无中介费，无服务费，原始户型，百套房可选，张江唐镇,位于 唐镇 附近,2室1厅1卫-58.0㎡ ,3900,http://www.mgzf.com/room/15141712.shtml?page=list&sourceType=2
浦东新区-博学家园1899弄,"地理位置优越, 绿化覆盖率高, 电梯房",距6号线高青路440米,1室0厅1卫-30.0㎡ ,1600,http://www.mgzf.com/room/15273154.shtml?page=list&sourceType=2
闵行区-柚米国际社区七莘路,"地铁沿线, 中高楼层, 房间朝向好",距12号线七莘路533米,1室1厅1卫-28.0㎡ 标间G,3200,http://www.mgzf.com/room/14013979.shtml?page=list&sourceType=2
浦东新区-银马苑,"社区配套成熟, 物业管理严格, 配备宽带",距8号线杨思306米,3室1厅1卫-99.0㎡ ,4500,http://www.mgzf.com/room/15431824.shtml?page=list&sourceType=2
浦东新区-银马苑,"交通便利, 黄金楼层, 房间朝向好",距8号线杨思306米,3室1厅1卫-98.0㎡ ,3880,http://www.mgzf.com/room/15431770.shtml?page=list&sourceType=2
浦东新区-东方康达家苑一期,精装修一房，在城市高楼里，推门而入，却仿佛走进奇妙的大自然。,距8号线芦恒路642米,1室1厅1卫-58.0㎡ ,3800,http://www.mgzf.com/room/15431044.shtml?page=list&sourceType=2
闵行区-浦江颐城晶寓,家乐福旁边 一室户 浦江颐城晶寓 精装修 押一付一。。,距8号线浦江镇291米,1室1厅1卫-40.0㎡ ,1750,http://www.mgzf.com/room/15177517.shtml?page=list&sourceType=2
浦东新区-万邦都市花园,精装两房，实拍照片，自住装修，看房可随时预约。,距2号线龙阳路425米,2室2厅2卫-135.0㎡ ,8800,http://www.mgzf.com/room/15431137.shtml?page=list&sourceType=2
浦东新区-士韵家园(三期),"周边设施齐全, 治安良好, 房间朝向好",距8号线芦恒路508米,3室2厅1卫-110.0㎡ ,4300,http://www.mgzf.com/room/15430873.shtml?page=list&sourceType=2
浦东新区-永泰花苑,三林11号线6号线双轨地铁房 ,距11号线三林772米,2室1厅1卫-74.0㎡ ,4299,http://www.mgzf.com/room/15176275.shtml?page=list&sourceType=2
浦东新区-绿波家园,"地理位置优越, 物业管理严格, 电梯房",距8号线芦恒路342米,1室1厅1卫-65.0㎡ ,4200,http://www.mgzf.com/room/15430612.shtml?page=list&sourceType=2
闵行区-闵浦新苑五村,8号线精装修一室一厅，直达人民广场，押一付一随时看,距轨道交通浦江线三鲁公路1072米,1室1厅1卫-56.0㎡ ,2200,http://www.mgzf.com/room/15004705.shtml?page=list&sourceType=2
浦东新区-德祥苑,精装朝北次卧，全配随时看房,距13号线陈春路290米,二居室-南卧-24.0㎡,1560,http://www.mgzf.com/room/15208378.shtml?page=list&sourceType=2
浦东新区-三新路5弄小区,"地处中心地段, 治安良好, 电梯房",距11号线三林576米,1室0厅1卫-30.0㎡ ,1400,http://www.mgzf.com/room/15430837.shtml?page=list&sourceType=2
浦东新区-万嘉欣苑,"社区配套成熟, 高档品质小区, 家具齐全",位于 唐镇 附近,三居室-南卧-22.0㎡,1650,http://www.mgzf.com/room/15213241.shtml?page=list&sourceType=2
浦东新区-浦发绿城,"交通购物超便利, 视野开阔, 精装修房",距11号线浦三路794米,1室1厅1卫-48.0㎡ ,3500,http://www.mgzf.com/room/15428116.shtml?page=list&sourceType=2
闵行区-浦江世博家园十街坊,"交通购物超便利, 视野开阔, 独立卫浴",距8号线联航路382米,2室2厅1卫-29.0㎡ ,2900,http://www.mgzf.com/room/15427867.shtml?page=list&sourceType=2
浦东新区-东方悦居,东方悦居，8号线杨思站，房间干净明亮，喜欢的来,距6号线东明路912米,三居室-南卧-19.0㎡,1800,http://www.mgzf.com/room/15261346.shtml?page=list&sourceType=2
闵行区-浦江旭辉国际,"地处中心地段, 安静宜居, 精装修房",距8号线联航路335米,2室2厅1卫-69.0㎡ ,2700,http://www.mgzf.com/room/15427828.shtml?page=list&sourceType=2
浦东新区-唐丰苑,"房间照片实拍, 高档品质小区, 采光充足",位于 唐镇 附近,四居室-南卧-16.0㎡,1900,http://www.mgzf.com/room/15146434.shtml?page=list&sourceType=2
浦东新区-金唐公寓,二号线唐镇站，金唐公寓精装大三房，可付一押一，无中介费,位于 唐镇 附近,3室1厅1卫-85.0㎡ ,5600,http://www.mgzf.com/room/15056383.shtml?page=list&sourceType=2
浦东新区-上南花苑三期（259弄）,"社区配套成熟, 安静宜居, 房间朝向好",距7号线云台路381米,2室2厅2卫-105.0㎡ ,5000,http://www.mgzf.com/room/15311623.shtml?page=list&sourceType=2
浦东新区-桃李家园,"交通购物超便利, 治安良好, 精装修房",距6号线高青路827米,1室1厅1卫-50.0㎡ ,3300,http://www.mgzf.com/room/15425878.shtml?page=list&sourceType=2
浦东新区-三林安居苑,"社区配套成熟, 视野开阔, 舍友素质高",距11号线三林东249米,3室2厅1卫-98.0㎡ ,4680,http://www.mgzf.com/room/15426019.shtml?page=list&sourceType=2
闵行区-浦江颐城晶寓,"地处繁华商圈, 高档品质小区, 精装修房",距8号线浦江镇291米,2室2厅1卫-62.0㎡ ,3200,http://www.mgzf.com/room/15425638.shtml?page=list&sourceType=2
浦东新区-华夏小区,"地铁沿线, 物业管理严格, 房间朝向好",距8号线杨思259米,1室1厅1卫-38.0㎡ ,2600,http://www.mgzf.com/room/15425809.shtml?page=list&sourceType=2
浦东新区-三林安居苑,"社区配套成熟, 视野开阔, 舍友素质高",距11号线三林东249米,3室2厅1卫-98.0㎡ ,4680,http://www.mgzf.com/room/15426019.shtml?page=list&sourceType=2
浦东新区-三林安居苑,"社区配套成熟, 视野开阔, 舍友素质高",距11号线三林东249米,3室2厅1卫-98.0㎡ ,4680,http://www.mgzf.com/room/15426007.shtml?page=list&sourceType=2
浦东新区-三林新村468弄,"地处中心地段, 视野开阔, 采光充足",距11号线三林1132米,1室1厅1卫-50.0㎡ ,3650,http://www.mgzf.com/room/15426985.shtml?page=list&sourceType=2
闵行区-浦江世博家园十街坊,"地理位置优越, 视野开阔, 独立卫浴",距8号线联航路382米,2室2厅1卫-69.0㎡ ,2600,http://www.mgzf.com/room/15425497.shtml?page=list&sourceType=2
浦东新区-三林安居苑,"交通便捷, 高档品质小区, 房间干净整洁",距11号线三林东249米,1室0厅1卫-20.0㎡ ,1800,http://www.mgzf.com/room/15425599.shtml?page=list&sourceType=2
浦东新区-三林安居苑,"交通便捷, 高档品质小区, 房间干净整洁",距11号线三林东249米,1室0厅1卫-18.0㎡ ,2700,http://www.mgzf.com/room/15425605.shtml?page=list&sourceType=2
闵行区-浦江世博家园十四街坊,"交通便捷, 高档品质小区, 采光充足",距8号线联航路553米,2室2厅1卫-59.0㎡ ,2500,http://www.mgzf.com/room/15425554.shtml?page=list&sourceType=2
浦东新区-三林新村468弄,"地处繁华商圈, 治安良好, 配备宽带",距11号线三林1132米,2室1厅1卫-75.0㎡ ,4350,http://www.mgzf.com/room/15425725.shtml?page=list&sourceType=2
浦东新区-三林安居苑,"交通便捷, 高档品质小区, 房间干净整洁",距11号线三林东249米,1室0厅1卫-18.0㎡ ,2100,http://www.mgzf.com/room/15425611.shtml?page=list&sourceType=2
闵行区-红星美凯龙(联航路店),"地处中心地段, 物业管理严格, 配备宽带",距8号线联航路692米,2室2厅1卫-60.0㎡ ,2800,http://www.mgzf.com/room/15425806.shtml?page=list&sourceType=2
浦东新区-三林新村468弄,"地处繁华商圈, 治安良好, 配备宽带",距11号线三林1132米,2室1厅1卫-75.0㎡ ,4350,http://www.mgzf.com/room/15425728.shtml?page=list&sourceType=2
浦东新区-三林新村（永泰路59弄）,网红租房，会员终身免佣金。,距11号线三林291米,1室0厅1卫-20.0㎡ ,1580,http://www.mgzf.com/room/15254830.shtml?page=list&sourceType=2
